experiment,active_users,step,eMBB_prediction,URLLC_prediction,mMTC_prediction,eMBB_pressure,URLLC_pressure,mMTC_pressure,eMBB_PRBs,URLLC_PRBs,mMTC_PRBs
1UE,1,0,8.28644,1.8419087,633.77124,0.15351699999999996,0.48547717500000004,0.7040406142857143,23,44,33
1UE,1,1,8.0704,1.8762685,609.3506,0.16972,0.49406712499999994,0.6778756428571429,24,44,32
1UE,1,2,8.067764,1.8046479,614.8267,0.16991769999999995,0.476161975,0.6837428928571428,24,44,32
1UE,1,3,8.137126,1.7671711,613.81244,0.16471555,0.46679277500000005,0.6826561857142858,24,44,32
1UE,1,4,8.049718,1.8312439,616.3792,0.17127114999999998,0.48281097500000003,0.6854062857142857,24,44,32
1UE,1,5,8.072429,1.8213383,623.25995,0.169567825,0.48033457500000004,0.692778517857143,24,44,32
1UE,1,6,8.135231,1.8823955,618.15875,0.16485767500000004,0.4955988750000001,0.6873129464285715,23,45,32
1UE,1,7,7.913312,1.8476567,617.1453,0.18150159999999999,0.486914175,0.6862271071428572,24,44,32
1UE,1,8,7.7600574,1.8504819,615.321,0.192995695,0.487620475,0.6842725000000001,24,44,32
1UE,1,9,7.8952594,1.8179566,621.0368,0.182855545,0.47948915000000003,0.6903965714285715,24,44,32
1UE,1,10,7.98474,1.8405534,626.7902,0.17614449999999998,0.48513835000000005,0.6965609285714286,24,44,32
1UE,1,11,7.95299,1.853015,624.54456,0.17852575,0.48825375000000004,0.6941548857142859,24,44,32
1UE,1,12,7.8167443,1.9003199,628.55,0.18874417749999997,0.500079975,0.6984464285714286,24,44,32
1UE,1,13,8.023183,1.8063573,632.0788,0.17326127500000005,0.47658932500000006,0.7022272857142857,24,44,32
1UE,1,14,8.027628,1.8436176,633.87836,0.1729279,0.4859044,0.7041553857142858,24,44,32
1UE,1,15,8.076962,1.8419822,636.8651,0.16922785,0.48549555,0.7073554642857143,24,44,32
1UE,1,16,8.279162,1.8477237,630.1278,0.15406285,0.486930925,0.7001369285714286,23,45,32
1UE,1,17,8.28386,1.8301613,628.8187,0.15371049999999994,0.482540325,0.6987343214285714,23,44,33
1UE,1,18,8.251315,1.8280963,626.4228,0.15615137499999998,0.482024075,0.6961672857142859,23,45,32
1UE,1,19,8.167856,1.8415476,627.3532,0.1624108,0.4853869,0.6971641428571429,23,45,32
1UE,1,20,7.940658,1.8835571,633.93054,0.17945064999999996,0.495889275,0.7042112928571428,24,44,32
1UE,1,21,7.6251125,1.8005177,633.4836,0.20311656250000001,0.4751294250000001,0.7037324285714286,24,44,32
1UE,1,22,7.837433,1.6177537,636.5904,0.18719252499999997,0.42943842500000007,0.7070611428571429,24,43,33
1UE,1,23,7.922975,1.56427,639.51013,0.180776875,0.41606750000000003,0.7101894249999999,24,43,33
1UE,1,24,7.871572,1.2708858,636.8485,0.1846321,0.34272145000000004,0.7073376785714286,24,42,34
1UE,1,25,7.9197493,1.3036925,638.8007,0.18101880249999994,0.350923125,0.7094293214285715,24,42,34
1UE,1,26,7.882523,1.4221723,630.4916,0.18381077499999998,0.380543075,0.7005267142857142,24,42,34
1UE,1,27,8.203736,1.4172261,627.96246,0.15971980000000005,0.379306525,0.6978169214285713,24,42,34
1UE,1,28,8.3161125,1.4894608,626.8703,0.15129156250000006,0.39736520000000003,0.6966467500000001,23,43,34
1UE,1,29,8.134916,1.2767792,624.1279,0.16488129999999993,0.3441948,0.6937084642857142,24,42,34
2UE,2,0,7.570785,1.7210699,646.1899,0.232191125,0.48026747500000005,0.7423463214285715,25,43,32
2UE,2,1,7.2073607,1.7588761,647.76117,0.25944794750000005,0.48971902500000003,0.744029825,25,43,32
2UE,2,2,7.5972867,1.7424222,647.98596,0.23020349750000002,0.48560555,0.7442706714285715,24,44,32
2UE,2,3,7.6893687,1.8549956,647.9388,0.22329734750000002,0.5137489000000001,0.7442201428571429,24,44,32
2UE,2,4,7.684716,1.904072,645.9638,0.22364629999999996,0.526018,0.7421040714285715,24,44,32
2UE,2,5,7.4212713,1.9535978,644.5057,0.24340465250000004,0.5383994500000001,0.7405418214285715,24,44,32
2UE,2,6,7.690956,1.9599476,645.70636,0.2231783,0.5399869,0.741828242857143,24,44,32
2UE,2,7,7.75604,1.8717382,646.0575,0.21829700000000002,0.51793455,0.7422044642857144,24,44,32
2UE,2,8,7.871357,1.8823045,646.28784,0.20964822500000002,0.5205761250000001,0.7424512571428571,24,44,32
2UE,2,9,7.954693,1.9373816,647.8952,0.20339802500000004,0.5343454,0.7441734285714287,24,44,32
2UE,2,10,7.9541526,1.891562,648.15155,0.20343855500000002,0.5228905,0.7444480892857144,24,44,32
2UE,2,11,8.071323,1.8680315,648.79156,0.19465077500000005,0.5170078750000001,0.7451338142857143,24,44,32
2UE,2,12,7.788962,1.7221576,648.8165,0.21582785000000004,0.4805394,0.7451605357142858,24,44,32
2UE,2,13,7.536195,1.7540195,648.2185,0.23478537500000002,0.488504875,0.7445198214285714,25,43,32
2UE,2,14,7.990464,1.7532105,648.3792,0.20071519999999998,0.48830262499999993,0.744692,24,43,33
2UE,2,15,8.016873,1.5928982,648.43835,0.198734525,0.44822455,0.744755375,24,43,33
2UE,2,16,7.8564024,1.3922106,647.83417,0.21076982,0.39805265,0.7441080392857143,25,41,34
2UE,2,17,7.693349,1.0331168,648.4463,0.22299882499999996,0.3082792,0.7447638928571428,25,40,35
2UE,2,18,7.847122,1.024674,648.92694,0.21146585,0.3061685,0.7452788642857142,25,40,35
2UE,2,19,8.087481,0.79961777,648.4352,0.19343892499999993,0.2499044425,0.7447520000000001,25,39,36
2UE,2,20,8.023645,1.022189,648.1664,0.198226625,0.30554725,0.744464,25,40,35
2UE,2,21,7.9827743,0.7455786,649.2298,0.20129192750000002,0.23639464999999998,0.7456033571428572,25,39,36
2UE,2,22,7.9527907,1.0716957,648.28345,0.20354069749999992,0.317923925,0.7445894107142857,25,40,35
2UE,2,23,7.871319,0.8866604,648.0767,0.20965107500000002,0.2716651,0.7443678928571429,25,39,36
2UE,2,24,7.9359074,1.3239243,648.40265,0.20480694500000002,0.380981075,0.744717125,24,42,34
2UE,2,25,8.141514,1.6851062,648.01,0.18938644999999993,0.47127654999999996,0.7442964285714286,24,43,33
2UE,2,26,8.110226,1.5954605,647.8625,0.19173304999999996,0.448865125,0.7441383928571428,24,43,33
2UE,2,27,7.814513,1.651879,647.7764,0.21391152500000005,0.46296975,0.7440461428571429,24,43,33
2UE,2,28,7.830576,1.7040088,647.1801,0.21270679999999997,0.4760022,0.7434072500000001,24,43,33
2UE,2,29,7.850786,1.6432285,647.59125,0.21119104999999994,0.46080712499999993,0.7438477678571429,24,43,33
2UE,2,30,7.9955974,1.7031752,646.62067,0.20033019499999993,0.4757938,0.7428078607142857,24,43,33
2UE,2,31,8.20975,1.8846412,647.0221,0.18426874999999998,0.5211603,0.7432379642857143,24,44,32
2UE,2,32,8.394386,1.9367615,647.55457,0.17042104999999996,0.5341903750000001,0.7438084678571428,23,45,32
2UE,2,33,8.346277,1.976149,647.87256,0.17402922499999995,0.54403725,0.7441491714285715,23,45,32
2UE,2,34,8.218176,1.9792078,647.43146,0.18363680000000004,0.5448019500000001,0.7436765642857144,23,45,32
2UE,2,35,8.171983,2.010683,647.73926,0.18710127499999996,0.5526707500000001,0.7440063499999999,24,44,32
2UE,2,36,8.122002,1.9654034,648.7084,0.19084985,0.54135085,0.7450447142857144,24,44,32
2UE,2,37,7.9218903,2.0178149,647.74426,0.20585822749999994,0.554453725,0.7440117071428572,24,44,32
2UE,2,38,7.826743,1.9364336,647.36194,0.21299427500000007,0.5341084,0.7436020785714287,24,44,32
2UE,2,39,8.047276,1.9905345,647.7525,0.19645430000000003,0.547633625,0.7440205357142857,24,44,32
2UE,2,40,8.090004,1.987101,647.733,0.19324969999999997,0.54677525,0.7439996428571428,24,44,32
2UE,2,41,7.711738,2.0291593,646.8382,0.22161965,0.557289825,0.7430409285714287,24,44,32
2UE,2,42,7.453298,2.0275972,648.0002,0.24100264999999998,0.5568993000000001,0.7442859285714286,24,45,31
2UE,2,43,7.4235296,1.9615157,647.8005,0.24323527999999994,0.5403789250000001,0.7440719642857144,24,44,32
2UE,2,44,7.92345,1.99363,648.8114,0.20574125000000004,0.5484075,0.7451550714285715,24,44,32
2UE,2,45,8.185965,1.9653524,647.987,0.18605262500000003,0.5413381,0.7442717857142858,24,44,32
2UE,2,46,8.133741,1.9513409,647.4397,0.18996942499999991,0.537835225,0.7436853928571429,24,44,32
2UE,2,47,7.9726515,1.9332422,647.1769,0.20205113750000003,0.53331055,0.7434038214285715,24,44,32
2UE,2,48,7.972847,1.9439464,647.11487,0.20203647500000005,0.5359866,0.7433373607142857,24,44,32
2UE,2,49,7.970956,1.9663932,647.01935,0.20217829999999998,0.5415983,0.743235017857143,24,44,32
4UE,4,0,4.9483957,2.067171,585.8233,0.47887032249999995,0.61679275,0.7276678214285714,27,44,29
4UE,4,1,4.0755496,2.132765,574.4991,0.54433378,0.63319125,0.71553475,28,43,29
4UE,4,2,4.1028366,2.0165086,568.7019,0.5422872550000001,0.60412715,0.7093234642857144,28,43,29
4UE,4,3,3.7850125,2.0619054,574.6397,0.5661240625,0.61547635,0.7156853928571427,28,43,29
4UE,4,4,3.5701401,1.9702275,574.9922,0.5822394925,0.592556875,0.7160630714285715,29,42,29
4UE,4,5,3.7165375,2.0257277,583.7344,0.5712596875,0.606431925,0.7254297142857143,28,43,29
4UE,4,6,4.0174985,2.1250243,595.3134,0.5486876125,0.631256075,0.7378357857142858,28,43,29
4UE,4,7,4.4319677,2.0808785,602.441,0.5176024225,0.6202196249999999,0.7454725,28,43,29
4UE,4,8,4.1252933,2.0512917,597.0464,0.5406030024999999,0.612822925,0.7396925714285713,28,43,29
4UE,4,9,4.1405478,1.9222994,593.327,0.539458915,0.58057485,0.7357075,28,43,29
4UE,4,10,4.159133,1.9228898,589.2101,0.5380650250000001,0.58072245,0.7312965357142857,28,43,29
4UE,4,11,3.946984,1.9158753,590.99695,0.5539762,0.5789688249999999,0.7332110178571428,28,43,29
4UE,4,12,4.1449366,1.9809339,585.61304,0.539129755,0.5952334749999999,0.7274425428571428,28,43,29
4UE,4,13,4.227831,2.0015578,579.7665,0.5329126750000001,0.60038945,0.7211783928571428,28,43,29
4UE,4,14,4.3207603,2.0580976,578.5456,0.5259429775000001,0.6145244,0.7198702857142858,28,43,29
4UE,4,15,4.6228657,2.0242014,575.6956,0.5032850725,0.60605035,0.7168167142857144,28,43,29
4UE,4,16,4.4059815,2.0354035,574.9466,0.5195513875,0.608850875,0.7160142142857142,28,43,29
4UE,4,17,4.220277,2.057026,582.3681,0.533479225,0.6142565,0.7239658214285715,28,43,29
4UE,4,18,4.3325186,2.057615,587.38794,0.5250611049999999,0.61440375,0.7293442214285714,28,43,29
4UE,4,19,4.762706,2.0798523,596.41986,0.49279704999999996,0.619963075,0.7390212785714285,27,44,29
4UE,4,20,4.3922,2.1101794,595.69507,0.5205850000000001,0.6275448499999999,0.7382447178571429,28,43,29
4UE,4,21,4.3842864,2.0636704,595.67566,0.5211785200000001,0.6159176,0.7382239214285714,28,43,29
4UE,4,22,4.2734375,2.0371954,592.60724,0.5294921874999999,0.60929885,0.7349363285714287,28,43,29
4UE,4,23,3.9109297,2.0707023,591.7411,0.5566802725,0.617675575,0.7340083214285714,28,43,29
4UE,4,24,4.1184335,2.1016588,586.4745,0.5411174875,0.6254147,0.7283655357142858,28,43,29
4UE,4,25,4.1329737,2.0848484,577.2295,0.5400269725,0.6212120999999999,0.7184601785714286,28,43,29
4UE,4,26,3.9978192,2.0805323,572.4134,0.55016356,0.6201330749999999,0.7133000714285714,28,43,29
4UE,4,27,4.0593705,2.0420315,568.46405,0.5455472124999999,0.610507875,0.709068625,28,43,29
4UE,4,28,4.266751,2.0356948,572.1054,0.529993675,0.6089237,0.7129700714285715,28,43,29
4UE,4,29,4.024117,2.0503423,580.6755,0.548191225,0.612585575,0.7221523214285714,28,43,29
4UE,4,30,4.235019,1.9466805,587.3616,0.532373575,0.586670125,0.729316,28,43,29
4UE,4,31,3.988501,2.0642576,596.724,0.550862425,0.6160644,0.7393471428571429,28,43,29
4UE,4,32,4.029541,1.9936771,598.16406,0.547784425,0.598419275,0.7408900642857142,28,43,29
4UE,4,33,4.341063,2.073047,594.1162,0.524420275,0.6182617499999999,0.7365530714285714,28,43,29
4UE,4,34,4.603155,2.0089881,594.35297,0.504763375,0.6022470249999999,0.7368067535714286,28,42,30
4UE,4,35,4.0276155,2.0786357,593.8488,0.5479288375000001,0.619658925,0.7362665714285713,28,43,29
4UE,4,36,4.1328077,1.9536611,597.9943,0.5400394225,0.5884152749999999,0.7407081785714286,28,43,29
4UE,4,37,4.4943814,2.0924723,589.17163,0.512921395,0.6231180749999999,0.7312553178571429,28,43,29
4UE,4,38,4.815685,2.0203571,582.00977,0.488823625,0.605089275,0.7235818964285714,28,43,29
4UE,4,39,4.388409,2.0804563,574.4965,0.520869325,0.6201140749999999,0.7155319642857142,28,43,29
4UE,4,40,4.726068,2.0538764,568.8135,0.49554489999999995,0.6134691,0.7094430357142857,28,43,29
4UE,4,41,4.968437,1.991437,576.27234,0.47736722499999995,0.59785925,0.71743465,27,43,30
4UE,4,42,5.1033154,2.0570705,580.80597,0.4672513450000001,0.614267625,0.7222921107142857,27,44,29
4UE,4,43,5.574378,2.0343804,587.81555,0.43192165000000005,0.6085950999999999,0.729802375,27,43,30
4UE,4,44,6.0081887,2.0616205,593.1615,0.39938584749999995,0.615405125,0.7355301785714287,26,44,30
4UE,4,45,5.998958,2.0565884,592.95325,0.40007815,0.6141471,0.7353070535714286,26,44,30
4UE,4,46,5.8775225,2.0587292,592.43066,0.40918581249999997,0.6146823,0.7347471357142856,26,44,30
4UE,4,47,6.0234203,1.9890882,592.67816,0.3982434775,0.5972720499999999,0.7350123142857142,26,44,30
4UE,4,48,6.431014,2.073156,590.7184,0.3676739499999999,0.618289,0.7329125714285714,26,44,30
4UE,4,49,6.876654,2.1179564,590.98,0.33425095000000005,0.6294891,0.7331928571428572,25,45,30
4UE,4,50,6.689953,2.1355274,587.5821,0.34825352500000006,0.63388185,0.72955225,26,44,30
4UE,4,51,6.6570096,2.1043646,577.1205,0.35072428,0.6260911499999999,0.7183433928571429,26,44,30
4UE,4,52,6.6666675,2.0895357,582.08093,0.3499999375,0.622383925,0.7236581392857142,26,44,30
4UE,4,53,6.657165,2.0413568,575.716,0.350712625,0.6103392,0.7168385714285714,26,44,30
4UE,4,54,6.6697254,2.094945,579.8903,0.3497705950000001,0.62373625,0.7213110357142857,26,44,30
4UE,4,55,7.1239147,2.0654154,586.8898,0.31570639749999996,0.61635385,0.7288105,25,45,30
4UE,4,56,7.2569637,2.0498962,590.83984,0.3057277225,0.61247405,0.7330426857142857,25,45,30
4UE,4,57,7.3508897,2.054548,588.85486,0.29868327250000004,0.613637,0.7309159214285715,25,45,30
4UE,4,58,7.655909,2.042493,590.5695,0.275806825,0.61062325,0.7327530357142856,25,44,31
4UE,4,59,7.2119703,2.020975,588.6806,0.3091022275,0.60524375,0.7307292142857142,25,45,30
4UE,4,60,7.1881995,2.0485609,592.574,0.3108850375,0.612140225,0.7349007142857142,25,45,30
4UE,4,61,7.2685146,2.0303319,589.042,0.30486140500000003,0.607582975,0.7311164285714286,25,45,30
4UE,4,62,7.4522076,2.0642443,583.09375,0.29108442999999995,0.616061075,0.7247433035714286,25,45,30
4UE,4,63,7.5162625,2.0412445,575.9398,0.2862803125000001,0.610311125,0.7170783571428571,25,45,30
4UE,4,64,7.2850866,2.035867,584.9132,0.3036185050000001,0.60896675,0.7266927142857141,25,45,30
4UE,4,65,7.3352933,2.0679457,587.2993,0.2998530025,0.616986425,0.72924925,25,45,30
4UE,4,66,7.3588014,2.0481222,585.04584,0.298089895,0.61203055,0.7268348285714286,25,45,30
4UE,4,67,7.4310665,1.9158732,589.08405,0.2926700125,0.5789683,0.7311614821428571,25,44,31
4UE,4,68,7.236529,1.930234,598.2261,0.307260325,0.5825585,0.7409565357142857,25,44,31
4UE,4,69,6.978816,1.8265222,591.45636,0.3265888,0.55663055,0.7337032428571428,26,43,31
4UE,4,70,6.982306,1.8578415,592.6925,0.32632704999999995,0.564460375,0.7350276785714286,26,43,31
4UE,4,71,6.7561393,2.0244932,588.25385,0.3432895525,0.6061233,0.7302719821428572,26,44,30
4UE,4,72,6.9999204,2.013591,587.29224,0.3250059700000001,0.60339775,0.7292416857142857,25,45,30
4UE,4,73,6.7929873,1.6016384,588.6173,0.34052595250000006,0.5004096,0.7306613928571428,26,43,31
4UE,4,74,6.6269183,1.6790303,594.1006,0.3529811275,0.519757575,0.7365363571428571,26,43,31
4UE,4,75,7.1080656,1.6624458,591.5368,0.31689508,0.51561145,0.7337894285714285,26,43,31
4UE,4,76,6.891982,1.7645876,579.4626,0.33310135,0.5411469,0.7208527857142856,26,43,31
4UE,4,77,6.723011,1.7813854,577.87134,0.345774175,0.54534635,0.7191478642857143,26,43,31
4UE,4,78,6.82434,1.8362424,579.96844,0.33817450000000004,0.5590606,0.7213947571428572,26,43,31
4UE,4,79,6.9930835,1.757621,580.9198,0.3255187375,0.5394052500000001,0.7224140714285714,26,43,31
4UE,4,80,6.600052,2.051051,586.03766,0.35499610000000004,0.61276275,0.7278974928571428,26,44,30
4UE,4,81,6.5375485,1.8508228,584.32587,0.35968386249999995,0.5627057,0.7260634321428571,26,44,30
4UE,4,82,6.560668,1.9853367,585.9991,0.35794990000000004,0.596334175,0.7278561785714285,26,44,30
4UE,4,83,6.7697783,2.287211,591.1226,0.34226662750000003,0.67180275,0.7333456428571429,25,45,30
4UE,4,84,6.4590297,2.1817663,587.50195,0.3655727725,0.645441575,0.729466375,26,44,30
4UE,4,85,6.8601613,2.0925064,585.2364,0.33548790250000005,0.6231266,0.727039,26,44,30
4UE,4,86,6.311986,1.9071069,587.79443,0.37660105,0.576776725,0.7297797464285715,26,44,30
4UE,4,87,6.6550946,1.9495715,588.673,0.350867905,0.587392875,0.7307210714285713,26,44,30
4UE,4,88,6.4283285,1.9650462,583.40424,0.36787536249999997,0.59126155,0.7250759714285714,26,44,30
4UE,4,89,6.170627,2.324645,590.0243,0.387202975,0.6811612499999999,0.7321688928571429,26,44,30
4UE,4,90,6.4100304,1.9163414,590.11786,0.36924772000000006,0.5790853499999999,0.7322691357142856,26,44,30
4UE,4,91,6.243244,1.9794874,584.9698,0.38175669999999995,0.59487185,0.7267533571428572,26,44,30
4UE,4,92,6.068037,1.640533,588.8663,0.3948972249999999,0.51013325,0.7309281785714286,27,42,31
4UE,4,93,5.837117,1.9713402,588.6882,0.412216225,0.5928350499999999,0.7307373571428571,27,43,30
4UE,4,94,5.2334332,2.2007852,590.12885,0.4574925099999999,0.6501963,0.7322809107142857,27,44,29
4UE,4,95,4.9744477,2.1350946,588.2213,0.4769164225,0.63377365,0.7302371071428572,27,44,29
4UE,4,96,4.735738,2.3356588,589.9528,0.49481965000000006,0.6839147,0.7320922857142858,27,44,29
4UE,4,97,4.863644,2.0445747,585.0099,0.4852267,0.611143675,0.7267963214285714,27,44,29
4UE,4,98,5.4367323,1.9181564,581.0901,0.4422450775,0.5795391,0.7225965357142857,27,43,30
4UE,4,99,5.091777,1.9349476,586.5519,0.4681167249999999,0.5837369,0.7284484642857143,27,43,30
4UE,4,100,5.1342783,1.9807049,585.0303,0.46492912749999993,0.595176225,0.7268181785714286,27,43,30
4UE,4,101,4.6905146,2.0034735,581.1703,0.49821140500000005,0.600868375,0.7226824642857143,28,43,29
4UE,4,102,4.4657016,2.0677602,580.7117,0.51507238,0.61694005,0.7221911071428571,28,43,29
4UE,4,103,4.5379815,2.0711894,575.17194,0.5096513874999999,0.61779735,0.7162556499999999,28,43,29
4UE,4,104,4.0035253,2.0318255,577.6723,0.5497356025000001,0.607956375,0.7189346071428571,28,43,29
4UE,4,105,4.151932,2.0610266,589.61383,0.5386051,0.61525665,0.7317291035714286,28,43,29
4UE,4,106,4.218043,2.0736837,592.5575,0.533646775,0.618420925,0.7348830357142857,28,43,29
4UE,4,107,3.8596525,2.0938141,594.8208,0.5605260624999999,0.623453525,0.737308,28,43,29
4UE,4,108,4.307703,2.0192974,595.44836,0.526922275,0.60482435,0.7379803857142857,28,43,29
4UE,4,109,4.274844,2.071338,593.44293,0.5293867,0.6178345,0.7358317107142858,28,43,29
4UE,4,110,4.2586107,1.8207906,588.3887,0.5306041975,0.55519765,0.7304164642857143,28,42,30
4UE,4,111,4.337083,2.044427,588.3254,0.5247187750000001,0.61110675,0.7303486428571427,28,43,29
4UE,4,112,4.614033,2.0211253,587.54346,0.5039475250000001,0.605281325,0.7295108499999999,28,43,29
4UE,4,113,4.3163843,2.066195,583.2528,0.5262711775,0.61654875,0.7249137142857143,28,43,29
4UE,4,114,4.3992085,2.0506501,577.00903,0.5200593625,0.612662525,0.7182239607142857,28,43,29
4UE,4,115,4.563997,1.9786488,576.3945,0.507700225,0.5946621999999999,0.7175655357142857,28,43,29
4UE,4,116,4.465773,1.9389282,570.6961,0.5150670249999999,0.5847320500000001,0.7114601071428571,28,43,29
4UE,4,117,4.2450805,2.0428753,578.554,0.5316189625,0.610718825,0.7198792857142857,28,43,29
4UE,4,118,4.40997,2.0663054,587.7227,0.51925225,0.61657635,0.7297028928571428,28,43,29
4UE,4,119,4.000062,1.7611943,592.9796,0.54999535,0.540298575,0.7353352857142856,29,41,30
4UE,4,120,4.0431633,2.0351129,594.89606,0.5467627525,0.608778225,0.7373886357142857,28,43,29
4UE,4,121,4.157942,1.8432794,598.4418,0.53815435,0.56081985,0.7411876428571428,28,42,30
4UE,4,122,4.2933345,1.901185,592.5707,0.5279999125,0.57529625,0.7348971785714286,28,42,30
4UE,4,123,3.9862132,1.7071886,591.7649,0.5510340100000001,0.52679715,0.7340338214285714,29,41,30
4UE,4,124,4.019927,1.9154935,588.8366,0.548505475,0.578873375,0.7308963571428571,28,43,29
4UE,4,125,4.413521,1.8686662,582.6116,0.518985925,0.56716655,0.7242267142857143,28,42,30
4UE,4,126,4.123386,1.7848227,574.1578,0.54074605,0.546205675,0.7151690714285713,28,42,30
4UE,4,127,4.2307024,1.6097356,578.972,0.5326973199999999,0.5024339,0.7203271428571428,29,41,30
4UE,4,128,4.252504,1.4651729,577.1171,0.5310621999999999,0.46629322500000003,0.71833975,29,41,30
4UE,4,129,4.3914065,1.5297298,582.3707,0.5206445125,0.48243245,0.7239686071428572,29,41,30
4UE,4,130,4.213698,1.42112,589.74646,0.5339726499999999,0.45528,0.731871207142857,29,41,30
4UE,4,131,4.763826,1.4510428,592.6251,0.49271305,0.4627607,0.7349554642857142,28,41,31
4UE,4,132,5.0533004,1.1519754,593.4833,0.47100246999999995,0.38799385,0.7358749642857143,29,40,31
4UE,4,133,4.492872,1.4536706,594.39087,0.5130346,0.46341765,0.7368473607142857,29,40,31
4UE,4,134,5.938257,1.0910951,592.94666,0.40463072499999997,0.372773775,0.7352999928571428,28,40,32
4UE,4,135,6.379944,0.9365488,587.3441,0.37150420000000006,0.3341372,0.72929725,28,39,33
4UE,4,136,6.0134306,1.0017756,585.04675,0.39899270499999995,0.35044390000000003,0.7268358035714285,28,40,32
4UE,4,137,5.8647556,0.97329324,580.9539,0.41014333000000003,0.34332331,0.7224506071428571,28,40,32
4UE,4,138,5.6759467,1.0327488,581.933,0.42430399750000003,0.35818720000000004,0.7234996428571429,28,40,32
4UE,4,139,5.317149,0.95058185,575.65894,0.45121382499999996,0.3376454625,0.7167774357142858,29,39,32
4UE,4,140,5.0313706,1.0128807,578.85004,0.472647205,0.353220175,0.7201964714285715,29,39,32
4UE,4,141,5.0191946,1.2414186,582.7939,0.47356040499999996,0.41035465000000004,0.7244220357142857,29,40,31
4UE,4,142,4.7176185,1.2408034,589.4757,0.49617861249999995,0.41020084999999995,0.7315811071428571,29,40,31
4UE,4,143,4.7601438,1.1925023,590.17664,0.49298921500000004,0.398125575,0.7323321142857143,29,40,31
4UE,4,144,5.2964706,1.2863982,596.3237,0.452764705,0.42159955000000005,0.73891825,28,41,31
4UE,4,145,5.360291,1.8250291,595.3564,0.4479781749999999,0.556257275,0.7378818571428571,27,43,30
4UE,4,146,4.903275,2.0058088,596.95044,0.482254375,0.6014522,0.7395897571428571,27,43,30
4UE,4,147,4.7001133,1.8618337,591.534,0.49749150250000007,0.565458425,0.7337864285714285,28,42,30
4UE,4,148,5.3388033,2.0594907,584.2157,0.4495897525,0.614872675,0.7259453928571428,27,43,30
4UE,4,149,5.2081213,1.8194548,579.655,0.4593909024999999,0.5548637,0.7210589285714285,27,43,30
4UE,4,150,5.2510133,2.024788,583.0565,0.45617400249999995,0.606197,0.7247033928571428,27,43,30
4UE,4,151,5.0175824,1.9805005,579.0828,0.47368131999999996,0.595125125,0.7204458571428571,27,43,30
4UE,4,152,4.6109138,2.120414,580.8671,0.504181465,0.6301034999999999,0.7223576071428571,28,43,29
4UE,4,153,4.561518,2.136849,576.74426,0.50788615,0.63421225,0.7179402785714286,28,43,29
4UE,4,154,4.047158,2.005392,577.0482,0.54646315,0.601348,0.7182659285714285,28,43,29
4UE,4,155,3.9203954,1.875777,578.74426,0.555970345,0.56894425,0.7200831357142857,28,43,29
4UE,4,156,3.965102,1.9185244,587.72485,0.55261735,0.5796311,0.7297051964285713,28,43,29
4UE,4,157,4.1947126,1.9634514,595.0357,0.5353965549999999,0.59086285,0.73753825,28,43,29
4UE,4,158,4.645272,1.6873903,596.15454,0.5016046,0.5218475749999999,0.7387370071428572,28,42,30
4UE,4,159,6.233123,2.0632932,595.2815,0.382515775,0.6158233,0.7378016071428571,26,44,30
4UE,4,160,5.422384,1.673039,596.0294,0.44332119999999997,0.51825975,0.7386029285714285,27,43,30
4UE,4,161,5.5983424,2.0427263,591.0299,0.43012432,0.610681575,0.7332463214285714,27,43,30
4UE,4,162,5.731367,1.891739,589.51056,0.42014747500000005,0.5729347499999999,0.7316184571428572,27,43,30
4UE,4,163,5.541865,2.1638122,583.9246,0.4343601250000001,0.64095305,0.7256335,27,44,29
4UE,4,164,5.2125244,2.0183234,580.8045,0.45906066999999995,0.60458085,0.7222905357142857,27,43,30
4UE,4,165,4.8234844,2.0302234,579.61755,0.48823867,0.60755585,0.7210188035714286,28,43,29
4UE,4,166,4.8956394,1.9454052,579.2126,0.48282704499999995,0.5863512999999999,0.7205849285714285,28,42,30
4UE,4,167,5.440976,1.9941535,580.4979,0.44192680000000006,0.598538375,0.7219620357142856,27,43,30
4UE,4,168,5.7576194,2.0255845,583.2508,0.41817854499999996,0.606396125,0.7249115714285714,27,43,30
4UE,4,169,5.417804,2.0485487,590.3097,0.4436646999999999,0.612137175,0.7324746785714286,27,43,30
4UE,4,170,5.7654243,2.0610256,589.7611,0.4175931774999999,0.6152563999999999,0.7318868928571429,27,43,30
4UE,4,171,5.880797,2.0229375,588.78766,0.40894022500000005,0.6057343749999999,0.7308439214285714,27,43,30
4UE,4,172,5.2897635,1.8236157,590.08435,0.45326773750000005,0.555903925,0.7322332321428571,27,43,30
4UE,4,173,4.996901,1.8833269,597.1717,0.47523242499999996,0.570831725,0.7398268214285714,27,43,30
4UE,4,174,4.74439,1.8295155,598.42883,0.49417075,0.557378875,0.7411737464285714,28,42,30
4UE,4,175,5.011966,1.8386202,593.7835,0.47410255,0.55965505,0.7361966071428571,28,42,30
4UE,4,176,6.7576466,1.790671,583.6319,0.34317650499999997,0.54766775,0.7253198928571428,26,43,31
4UE,4,177,7.530293,1.7671901,571.6671,0.285228025,0.541797525,0.7125004642857142,25,44,31
4UE,4,178,7.4967623,1.5623496,571.4388,0.28774282749999996,0.4905874,0.7122558571428571,25,44,31
4UE,4,179,7.478447,1.545642,574.9362,0.289116475,0.48641049999999997,0.7160030714285713,25,43,32
4UE,4,180,7.0713367,1.4930825,576.47144,0.3196497475000001,0.47327062500000006,0.7176479714285715,26,43,31
4UE,4,181,6.8939548,1.3390198,584.03253,0.33295338999999996,0.43475495,0.7257491392857143,26,42,32
4UE,4,182,7.4960423,1.6418955,590.7925,0.2877968275,0.510473875,0.7329919642857143,25,44,31
4UE,4,183,7.0109653,1.7454917,595.23413,0.32417760250000005,0.536372925,0.7377508535714287,26,43,31
4UE,4,184,6.9803224,1.6984565,593.59784,0.32647581999999997,0.524614125,0.7359976857142857,26,43,31
4UE,4,185,7.0423584,1.8170168,589.06604,0.32182311999999996,0.5542541999999999,0.7311421857142858,26,43,31
4UE,4,186,7.0894685,1.8099492,592.2434,0.3182898625,0.5524873,0.7345465,26,43,31
4UE,4,187,6.9509287,1.8091606,594.186,0.32868034749999997,0.55229015,0.7366278571428572,26,43,31
4UE,4,188,6.7904167,1.8617733,589.056,0.3407187475000001,0.565443325,0.7311314285714287,26,43,31
4UE,4,189,6.7820916,1.7889044,581.4044,0.34134313000000005,0.5472261,0.7229332857142857,26,43,31
4UE,4,190,6.9641314,2.0683591,580.2949,0.32769014500000004,0.617089775,0.7217445357142857,25,45,30
4UE,4,191,6.563876,1.9844835,578.3065,0.3577093,0.596120875,0.7196141071428571,26,44,30
4UE,4,192,6.368268,2.0625677,583.701,0.3723799000000001,0.6156419249999999,0.7253939285714286,26,44,30
4UE,4,193,6.0580826,2.1081724,588.3577,0.39564380499999996,0.6270431,0.7303832499999999,26,44,30
4UE,4,194,6.4672246,2.133608,593.36804,0.36495815499999995,0.633402,0.7357514714285714,26,44,30
4UE,4,195,6.453658,2.0707138,594.0719,0.36597565,0.61767845,0.7365056071428572,26,44,30
4UE,4,196,6.7257733,2.0284035,592.0348,0.34556700250000005,0.607100875,0.7343230000000001,26,44,30
4UE,4,197,6.776314,2.0491397,588.75354,0.34177645,0.612284925,0.7308073642857142,26,44,30
4UE,4,198,6.647826,2.0290697,586.3488,0.35141305,0.607267425,0.7282308571428572,26,44,30
4UE,4,199,6.5017204,2.0500963,589.8059,0.36237097000000007,0.612524075,0.7319348928571429,26,44,30
4UE,4,200,6.4290156,2.0322711,585.30493,0.36782382999999996,0.608067775,0.727112425,26,44,30
4UE,4,201,6.0575967,2.0663192,580.2629,0.39568024749999997,0.6165798,0.7217102499999999,26,44,30
4UE,4,202,5.838233,2.0259566,577.7888,0.4121325250000001,0.60648915,0.7190594285714286,27,43,30
4UE,4,203,5.7279353,2.1007206,577.8154,0.42040485250000004,0.6251801499999999,0.7190879285714286,27,43,30
4UE,4,204,5.9158635,2.1526055,579.3683,0.40631023749999995,0.638151375,0.7207517499999999,26,44,30
4UE,4,205,6.0040736,2.0455804,585.2619,0.3996944800000001,0.6113951,0.7270663214285714,26,44,30
4UE,4,206,6.1827555,2.0204158,592.6965,0.38629333749999994,0.60510395,0.7350319642857143,26,44,30
4UE,4,207,5.934186,1.7473453,594.45374,0.40493605,0.536836325,0.7369147214285715,27,42,31
4UE,4,208,6.2673235,1.6757114,585.42633,0.3799507375000001,0.51892785,0.7272424964285714,27,42,31
6UE,6,0,5.257086,1.8882247,586.3532,0.50571855,0.6220561750000001,0.7782355714285715,27,43,30
6UE,6,1,4.9512334,1.95473,599.0509,0.528657495,0.6386825,0.79184025,28,42,30
6UE,6,2,5.442339,1.957225,601.1483,0.4918245750000001,0.6393062500000001,0.7940874642857142,27,43,30
6UE,6,3,5.883026,2.0146835,610.83075,0.45877305,0.653670875,0.8044615178571428,27,43,30
6UE,6,4,5.69672,1.9483875,615.7318,0.472746,0.637096875,0.809712642857143,27,43,30
6UE,6,5,5.8843718,1.9141423,625.4482,0.45867211500000005,0.628535575,0.8201230714285715,27,43,30
6UE,6,6,5.7196617,1.9491869,617.48987,0.4710253725000001,0.637296725,0.8115962892857144,27,43,30
6UE,6,7,6.1831136,2.0208237,608.34674,0.4362664799999999,0.655205925,0.8018000785714285,26,44,30
6UE,6,8,6.1579485,2.141915,624.5239,0.4381538625,0.68547875,0.81913275,26,44,30
6UE,6,9,5.5735493,2.1392977,624.57166,0.48198380249999995,0.6848244250000001,0.8191839214285714,27,43,30
6UE,6,10,5.659895,1.9330053,624.65155,0.475507875,0.633251325,0.8192695178571429,27,43,30
6UE,6,11,5.159828,1.9106253,614.4996,0.5130129,0.627656325,0.8083924285714286,27,43,30
6UE,6,12,4.883089,1.8997515,589.30554,0.5337683249999999,0.6249378750000001,0.7813987928571429,28,42,30
6UE,6,13,4.6107125,1.9970688,569.74146,0.5541965624999999,0.6492672,0.7604372785714286,28,43,29
6UE,6,14,4.9084425,1.9938775,525.279,0.5318668125,0.648469375,0.7127989285714286,28,43,29
6UE,6,15,5.2275634,1.8487897,514.9121,0.507932745,0.612197425,0.7016915357142858,28,43,29
6UE,6,16,4.914079,1.7968103,559.72107,0.531444075,0.599202575,0.7497011464285716,28,42,30
6UE,6,17,4.818765,1.9075747,614.8107,0.5385926249999999,0.626893675,0.80872575,28,42,30
6UE,6,18,4.5009975,1.9368137,624.0145,0.5624251875,0.634203425,0.8185869642857143,28,42,30
6UE,6,19,4.9564614,1.8924178,619.18475,0.5282653949999999,0.62310445,0.8134122321428572,28,42,30
6UE,6,20,5.235904,1.8660237,601.4082,0.5073072,0.616505925,0.7943659285714286,27,43,30
6UE,6,21,4.887203,1.9269863,611.3289,0.533459775,0.6317465750000001,0.80499525,28,42,30
6UE,6,22,4.512812,1.905999,609.55536,0.5615391,0.62649975,0.8030950285714286,28,42,30
6UE,6,23,5.766922,1.9273093,596.6277,0.46748085000000006,0.631827325,0.7892439642857143,27,43,30
6UE,6,24,5.6340394,1.9317969,521.83496,0.477447045,0.6329492250000001,0.7091088857142858,27,44,29
6UE,6,25,5.2434654,2.0176787,522.77423,0.506740095,0.654419675,0.7101152464285715,28,43,29
6UE,6,26,4.792877,1.8610831,490.4498,0.540534225,0.615270775,0.6754819285714286,28,43,29
6UE,6,27,4.3334613,1.8509583,564.6177,0.5749904025,0.612739575,0.7549475357142857,28,43,29
6UE,6,28,4.4698405,1.8456492,561.05554,0.5647619625,0.6114123,0.7511309357142857,28,43,29
6UE,6,29,4.0595317,1.9071046,600.6918,0.5955351225000001,0.62677615,0.7935983571428571,28,43,29
6UE,6,30,3.9357421,1.955323,617.77765,0.6048193425,0.63883075,0.811904625,28,43,29
6UE,6,31,4.0338473,1.9436818,620.3685,0.5974614525,0.63592045,0.8146805357142858,28,42,30
6UE,6,32,4.201174,1.9359876,621.71576,0.5849119500000001,0.6339969000000001,0.8161240285714287,28,42,30
6UE,6,33,4.435572,1.9248449,614.407,0.5673321,0.631211225,0.8082932142857143,28,42,30
6UE,6,34,5.611644,1.9258556,589.8762,0.4791267,0.6314639000000001,0.7820102142857144,27,43,30
6UE,6,35,5.802496,1.9741881,582.78503,0.4648128,0.643547025,0.7744125321428571,27,43,30
6UE,6,36,6.3232784,2.0381727,599.1742,0.4257541199999999,0.659543175,0.7919723571428572,26,44,30
6UE,6,37,5.870582,2.04238,605.51013,0.45970635000000004,0.660595,0.7987608535714287,27,43,30
6UE,6,38,5.66462,1.9895089,606.3491,0.4751535,0.6473772250000001,0.79965975,27,43,30
6UE,6,39,5.771101,1.945154,614.29407,0.4671674250000001,0.6362885,0.8081722178571429,27,43,30
6UE,6,40,5.5508876,1.9970204,593.88434,0.4836834299999999,0.6492551000000001,0.7863046499999999,27,43,30
6UE,6,41,5.5918283,1.9169114,612.21497,0.48061287750000004,0.62922785,0.8059446107142857,27,43,30
6UE,6,42,5.6009045,1.8853288,586.893,0.47993216250000004,0.6213322,0.7788139285714286,27,43,30
6UE,6,43,5.209393,2.0359206,582.81036,0.509295525,0.65898015,0.7744396714285714,27,44,29
6UE,6,44,4.783977,1.9394133,617.59186,0.541201725,0.634853325,0.8117055642857143,28,42,30
6UE,6,45,4.7555985,1.9412216,576.7858,0.5433301125,0.6353054,0.7679847857142857,28,43,29
6UE,6,46,4.4048014,1.9213015,599.91156,0.569639895,0.6303253750000001,0.7927623857142858,28,42,30
6UE,6,47,4.934362,1.9629645,600.1092,0.5299228500000001,0.640741125,0.7929741428571428,28,42,30
6UE,6,48,4.9624267,1.801129,550.6102,0.5278179975,0.60028225,0.7399395,28,43,29
6UE,6,49,4.814615,1.8887964,569.2571,0.538903875,0.6221991,0.7599183214285715,28,43,29
6UE,6,50,4.8827043,1.8144065,525.17084,0.5337971775,0.603601625,0.7126830428571429,28,43,29
6UE,6,51,4.5262074,1.9825592,539.8941,0.560534445,0.6456398,0.7284579642857143,28,43,29
6UE,6,52,4.243342,1.9503493,585.79285,0.58174935,0.637587325,0.7776351964285715,28,43,29
6UE,6,53,4.5692296,1.954918,606.439,0.55730778,0.6387295000000001,0.7997560714285714,28,42,30
6UE,6,54,3.971031,1.8903328,607.6825,0.6021726749999999,0.6225832,0.801088392857143,28,43,29
6UE,6,55,4.1843553,1.9289964,625.57587,0.5861733525,0.6322491,0.8202598607142858,28,42,30
6UE,6,56,3.9948664,1.9447694,613.163,0.60038502,0.6361923500000001,0.8069603571428572,28,43,29
6UE,6,57,4.2120166,2.0433364,600.9481,0.584098755,0.6608341,0.7938729642857142,28,43,29
6UE,6,58,5.5053387,2.0673082,581.9105,0.4870995975,0.66682705,0.7734755357142856,27,44,29
6UE,6,59,5.49325,2.0821116,571.94653,0.4880062500000001,0.6705279000000001,0.7627998535714287,27,44,29
6UE,6,60,5.46419,2.0674474,609.8595,0.49018575,0.66686185,0.8034208928571429,27,43,30
6UE,6,61,5.3670297,2.147745,614.54535,0.4974727725,0.68693625,0.8084414464285715,27,43,30
6UE,6,62,4.7703524,2.0252821,594.028,0.54222357,0.656320525,0.7864585714285715,28,43,29
6UE,6,63,4.4698863,2.1414728,601.09106,0.5647585275,0.6853682,0.7940261357142857,28,43,29
6UE,6,64,4.715411,1.9492346,624.1822,0.5463441750000001,0.63730865,0.8187666428571428,28,42,30
6UE,6,65,5.3071384,1.8468889,608.5766,0.50196462,0.611722225,0.8020463571428571,27,43,30
6UE,6,66,5.603551,1.8080916,588.20166,0.47973367499999997,0.6020229,0.7802160642857142,27,43,30
6UE,6,67,5.1719584,1.806222,602.6363,0.5121031199999999,0.6015555,0.7956817500000001,28,42,30
6UE,6,68,6.079313,1.886284,612.4878,0.444051525,0.6215710000000001,0.8062369285714286,27,43,30
6UE,6,69,5.8506613,1.8711739,606.8424,0.46120040250000005,0.617793475,0.8001882857142858,27,43,30
6UE,6,70,4.6735272,1.827139,590.7709,0.5494854600000001,0.60678475,0.7829688214285714,28,42,30
6UE,6,71,4.8062696,1.8143468,599.68896,0.53952978,0.6035867,0.7925238857142857,28,42,30
6UE,6,72,5.524185,1.690947,595.76654,0.48568612499999997,0.57273675,0.7883212928571428,27,43,30
6UE,6,73,5.363804,1.5573981,595.7285,0.49771470000000007,0.539349525,0.7882805357142858,28,42,30
6UE,6,74,4.9521103,1.5716205,617.24915,0.5285917275,0.542905125,0.811338375,28,42,30
6UE,6,75,5.0716443,1.5408646,604.3393,0.5196266775,0.53521615,0.7975063928571429,28,42,30
6UE,6,76,4.651866,1.6660942,616.2781,0.55111005,0.56652355,0.8102979642857143,28,42,30
6UE,6,77,5.0604596,1.6094695,607.30035,0.52046553,0.552367375,0.8006789464285714,28,42,30
6UE,6,78,4.8823977,1.4575267,589.35974,0.5338201724999999,0.514381675,0.7814568642857143,28,42,30
6UE,6,79,4.9900827,1.6334919,629.2389,0.5257437975,0.558372975,0.8241845357142856,28,42,30
6UE,6,80,4.873522,1.6555128,614.0428,0.53448585,0.5638782,0.8079030000000001,28,42,30
6UE,6,81,4.4252353,1.7815665,603.51434,0.5681073525,0.595391625,0.7966225071428571,28,42,30
6UE,6,82,4.524657,1.7966802,563.3358,0.5606507249999999,0.59917005,0.7535740714285714,28,43,29
6UE,6,83,4.8665543,1.7610172,591.4557,0.5350084275,0.5902543,0.7837025357142857,28,42,30
6UE,6,84,4.891014,1.80959,614.07544,0.53317395,0.6023975,0.8079379714285714,28,42,30
6UE,6,85,4.6024213,1.6752661,597.88416,0.5548184025,0.568816525,0.7905901714285715,28,42,30
6UE,6,86,4.3148417,1.7640634,555.24286,0.5763868725000001,0.59101585,0.7449030642857143,28,43,29
6UE,6,87,4.2526,1.7356367,515.6379,0.581055,0.5839091750000001,0.7024691785714285,29,42,29
6UE,6,88,4.3568387,1.7492412,561.04047,0.5732370975000001,0.5873103,0.7511147892857143,28,43,29
6UE,6,89,4.398999,1.7356539,566.5822,0.570075075,0.583913475,0.7570523571428571,28,42,30
6UE,6,90,4.4213886,1.7958112,595.0747,0.568395855,0.5989528,0.7875800357142857,28,42,30
6UE,6,91,4.1912484,1.6568459,620.79126,0.5856563699999999,0.564211475,0.8151334928571429,28,42,30
6UE,6,92,4.5256653,1.528903,611.90326,0.5605751025,0.5322257499999999,0.8056106357142858,28,42,30
6UE,6,93,4.6090846,1.594316,545.8027,0.554318655,0.548579,0.7347886071428571,29,41,30
6UE,6,94,4.2647443,1.4031516,522.4778,0.5801441774999999,0.5007879,0.709797642857143,29,41,30
6UE,6,95,4.2292747,1.4468106,549.5642,0.5828043974999999,0.51170265,0.7388187857142857,29,41,30
6UE,6,96,5.3320613,1.4759864,596.16144,0.5000954025,0.5189966,0.7887444,28,41,31
6UE,6,97,5.7036834,1.5679243,602.1814,0.472223745,0.541981075,0.7951943571428571,27,42,31
6UE,6,98,5.9385796,1.495745,618.48206,0.45460652999999995,0.52393625,0.81265935,27,42,31
6UE,6,99,5.604534,1.636491,602.52856,0.47965995000000006,0.55912275,0.7955663142857143,27,43,30
6UE,6,100,5.7414317,1.5541695,595.6279,0.4693926225,0.538542375,0.78817275,27,42,31
6UE,6,101,5.6883316,1.6207687,625.0992,0.4733751300000001,0.555192175,0.8197491428571428,27,42,31
6UE,6,102,5.3754396,1.440027,623.6253,0.49684202999999993,0.51000675,0.8181699642857143,28,41,31
6UE,6,103,5.4912047,1.8011436,617.7464,0.48815964750000007,0.6002859,0.8118711428571429,27,43,30
6UE,6,104,5.530089,2.0367956,626.0044,0.485243325,0.6591989,0.8207190000000001,27,43,30
6UE,6,105,5.223358,1.7600592,639.41724,0.50824815,0.5900148,0.8350898999999999,27,43,30
6UE,6,106,4.8174977,2.1774247,625.98895,0.5386876725,0.694356175,0.8207024464285715,27,44,29
6UE,6,107,4.961024,2.1504316,593.8758,0.5279231999999999,0.6876079,0.7862955000000001,27,44,29
6UE,6,108,5.1598525,1.8038008,607.6907,0.5130110625,0.6009502,0.8010971785714286,28,42,30
6UE,6,109,5.5828276,1.8073936,589.0933,0.48128793000000003,0.6018484,0.7811713928571429,27,43,30
6UE,6,110,5.003824,1.7585597,589.8586,0.5247132,0.5896399250000001,0.7819913571428573,28,42,30
6UE,6,111,4.8229313,1.9215382,595.50024,0.5382801525,0.63038455,0.7880359714285714,28,42,30
6UE,6,112,4.7307253,1.9480388,618.52606,0.5451956025000001,0.6370097,0.8127064928571429,28,42,30
6UE,6,113,4.9088454,2.022358,620.26776,0.531836595,0.6555895,0.8145726,27,43,30
6UE,6,114,5.460894,2.0099525,619.92267,0.4904329500000001,0.652488125,0.8142028607142858,27,43,30
6UE,6,115,5.192918,1.8489432,606.83563,0.51053115,0.6122358,0.8001810321428572,27,43,30
6UE,6,116,5.487977,1.8193614,620.29315,0.488401725,0.60484035,0.8145998035714285,27,43,30
6UE,6,117,5.617887,1.6586609,603.5115,0.478658475,0.564665225,0.7966194642857143,27,43,30
6UE,6,118,4.9390783,1.3747014,584.0733,0.5295691275,0.49367534999999996,0.7757928214285715,28,41,31
6UE,6,119,4.6920037,1.4299623,585.7611,0.5480997224999999,0.5074905749999999,0.7776011785714286,29,41,30
6UE,6,120,5.820065,1.8372895,602.48663,0.463495125,0.609322375,0.7955213892857144,27,43,30
6UE,6,121,5.853844,1.6292404,613.93225,0.46096170000000003,0.5573101,0.8077845535714285,27,42,31
6UE,6,122,6.2562284,1.5372503,598.4057,0.43078287000000004,0.5343125750000001,0.7911489642857144,27,42,31
6UE,6,123,6.1451664,1.4801437,616.714,0.43911252,0.520035925,0.8107650000000001,27,42,31
6UE,6,124,5.994556,1.6602321,629.56555,0.4504083,0.565058025,0.8245345178571429,27,42,31
6UE,6,125,5.9191027,1.7248622,622.35065,0.4560672975000001,0.58121555,0.8168042678571429,27,42,31
6UE,6,126,6.027028,1.794004,605.041,0.4479729,0.598501,0.7982582142857143,27,43,30
6UE,6,127,6.371934,1.784182,601.0097,0.42210495000000003,0.5960455,0.7939389642857142,27,43,30
6UE,6,128,6.739933,1.8827312,610.8465,0.39450502499999995,0.6206828,0.8044783928571428,26,43,31
6UE,6,129,6.483377,1.6582696,603.3576,0.413746725,0.5645673999999999,0.7964545714285716,27,42,31
6UE,6,130,6.614156,1.6533545,590.0222,0.4039383,0.563338625,0.7821666428571429,27,42,31
6UE,6,131,6.8714695,1.8317364,607.9662,0.38463978749999994,0.6079341,0.8013923571428572,26,43,31
6UE,6,132,6.7969646,1.8425323,605.4054,0.390227655,0.610633075,0.7986486428571429,26,43,31
6UE,6,133,6.955169,1.6799084,593.5767,0.378362325,0.5699771,0.7859750357142857,26,43,31
6UE,6,134,7.1294756,1.9193796,598.4048,0.36528932999999997,0.6298449,0.7911480000000001,26,43,31
6UE,6,135,6.942137,1.8198493,589.6516,0.379339725,0.604962325,0.7817695714285715,26,43,31
6UE,6,136,6.9807687,1.5269208,600.25287,0.37644234750000005,0.5317302,0.793128075,26,43,31
6UE,6,137,6.6550455,1.6500037,609.011,0.40087158750000007,0.562500925,0.8025117857142857,26,43,31
6UE,6,138,6.825727,1.8270364,618.8667,0.388070475,0.6067591,0.8130714642857143,26,43,31
6UE,6,139,6.5556927,1.905061,624.50226,0.40832304750000004,0.62626525,0.8191095642857142,26,43,31
6UE,6,140,6.3669014,1.8078302,626.361,0.42248239499999996,0.60195755,0.8211010714285715,26,43,31
6UE,6,141,6.3443403,1.893782,600.94495,0.42417447750000004,0.6234455,0.7938695892857143,26,44,30
6UE,6,142,6.4445267,1.8698428,608.3594,0.4166604975,0.6174607,0.801813642857143,26,44,30
6UE,6,143,6.0066314,2.0305662,620.6079,0.44950264500000003,0.65764155,0.8149370357142857,27,43,30
6UE,6,144,6.4516945,1.8578002,615.3425,0.4161229125,0.6144500500000001,0.8092955357142857,26,43,31
6UE,6,145,5.9674754,1.8437352,608.8139,0.45243934500000005,0.6109338,0.8023006071428571,27,43,30
6UE,6,146,6.3183637,1.753657,604.63184,0.42612272249999994,0.58841425,0.7978198285714285,27,42,31
6UE,6,147,6.2838984,1.7640486,609.1063,0.42870762000000007,0.59101215,0.8026138928571429,27,42,31
6UE,6,148,5.771033,1.7635751,608.1493,0.46717252500000006,0.5908937750000001,0.8015885357142858,27,43,30
6UE,6,149,5.6939187,1.8684243,608.77167,0.4729560975,0.617106075,0.8022553607142857,27,43,30
6UE,6,150,6.3236036,1.8858132,623.4972,0.4257297299999999,0.6214533000000001,0.8180327142857143,26,44,30
6UE,6,151,5.831689,1.8585339,624.8502,0.46262332500000003,0.614633475,0.8194823571428572,27,43,30
6UE,6,152,5.54253,1.8885634,614.5271,0.48431025000000005,0.6221408500000001,0.8084218928571428,27,43,30
6UE,6,153,5.2484508,1.8454986,621.168,0.50636619,0.61137465,0.8155371428571428,27,43,30
6UE,6,154,4.7436934,1.8195184,628.3733,0.544222995,0.6048796000000001,0.8232571071428572,28,42,30
6UE,6,155,4.8693514,1.9260466,618.9845,0.534798645,0.6315116500000001,0.8131976785714287,28,42,30
6UE,6,156,5.0082474,1.9457333,618.86255,0.5243814450000001,0.636433325,0.813067017857143,27,43,30
6UE,6,157,4.8660355,1.8317617,615.917,0.5350473375,0.607940425,0.8099110714285714,28,42,30
6UE,6,158,6.206747,1.9592205,597.7413,0.434493975,0.639805125,0.7904371071428572,27,43,30
6UE,6,159,5.780847,1.8893236,592.36127,0.46643647499999996,0.6223309,0.7846727892857143,27,43,30
6UE,6,160,5.8700047,2.0820062,599.97327,0.4597496475,0.67050155,0.7928285035714285,27,43,30
6UE,6,161,6.316863,1.9718336,604.7396,0.426235275,0.6429584,0.7979352857142857,26,44,30
6UE,6,162,6.004735,1.9365618,611.4747,0.44964487500000005,0.63414045,0.8051514642857144,27,43,30
6UE,6,163,5.9451776,1.7889048,602.5185,0.45411168,0.5972262,0.7955555357142857,27,43,30
6UE,6,164,6.6735196,1.7668235,609.2027,0.39948603000000005,0.591705875,0.8027171785714287,26,43,31
6UE,6,165,6.9580445,1.7872027,632.8957,0.37814666249999995,0.596800675,0.8281025357142857,26,43,31
6UE,6,166,6.849903,1.8607088,620.0023,0.38625727499999996,0.6151772,0.8142881785714285,26,43,31
6UE,6,167,6.752348,1.8703399,630.4359,0.39357390000000003,0.6175849750000001,0.8254670357142856,26,43,31
6UE,6,168,7.084215,1.9260911,614.4091,0.368683875,0.631522775,0.8082954642857143,26,43,31
6UE,6,169,6.7458024,1.9377693,606.6059,0.39406482000000004,0.634442325,0.7999348928571429,26,44,30
6UE,6,170,6.769568,1.9250952,592.45856,0.39228240000000003,0.6312738,0.7847770285714286,26,44,30
6UE,6,171,6.6593084,2.0507748,604.60974,0.40055187000000003,0.6626937,0.79779615,26,44,30
6UE,6,172,6.552219,1.9526361,603.31274,0.408583575,0.638159025,0.7964065071428571,26,44,30
6UE,6,173,6.5255485,1.9095324,591.9785,0.4105838625,0.6273831000000001,0.7842626785714287,26,44,30
6UE,6,174,6.1012025,2.0010626,597.3388,0.4424098125,0.65026565,0.7900058571428571,27,43,30
6UE,6,175,6.2400913,1.9416436,626.18097,0.43199315250000003,0.6354109,0.8209081821428571,26,44,30
6UE,6,176,6.751454,1.9959596,625.503,0.39364095,0.6489899,0.8201817857142858,26,44,30
6UE,6,177,7.122705,2.0429454,623.4627,0.36579712499999995,0.66073635,0.81799575,26,43,31
6UE,6,178,6.5088944,2.0144267,623.30817,0.41183291999999994,0.653606675,0.8178301821428572,26,44,30
6UE,6,179,6.3850746,1.9894056,626.66156,0.421119405,0.6473514,0.8214231,26,44,30
6UE,6,180,5.012931,1.9164429,623.86475,0.5240301749999999,0.6291107250000001,0.8184265178571428,27,43,30
6UE,6,181,3.3488796,1.8803941,621.8379,0.6488340300000001,0.620098525,0.8162548928571428,29,42,29
6UE,6,182,4.926471,1.9705663,620.7047,0.530514675,0.642641575,0.81504075,27,43,30
6UE,6,183,6.7544203,2.0520916,621.18427,0.39341847750000003,0.6630229,0.8155545750000001,26,44,30
6UE,6,184,6.620469,2.0636384,605.0052,0.403464825,0.6659096,0.798219857142857,26,44,30
6UE,6,185,6.453828,1.8888731,608.6945,0.4159629,0.622218275,0.8021726785714285,26,44,30
6UE,6,186,6.0805182,1.9092132,614.4816,0.443961135,0.6273033,0.8083731428571429,27,43,30
6UE,6,187,5.7939467,1.9641187,616.5818,0.46545399750000005,0.641029675,0.8106233571428573,27,43,30
6UE,6,188,6.667982,1.9387031,620.24786,0.39990135,0.634675775,0.8145512785714285,26,44,30
6UE,6,189,6.7303104,1.9101363,617.74084,0.39522672000000003,0.627534075,0.8118651857142858,26,43,31
6UE,6,190,4.461736,2.0139751,617.00946,0.5653697999999999,0.653493775,0.8110815642857143,28,42,30
6UE,6,191,6.318017,1.9663055,616.10223,0.426148725,0.641576375,0.8101095321428572,26,44,30
6UE,6,192,6.7651305,2.0219936,602.9235,0.39261521250000003,0.6554984,0.7959894642857143,26,44,30
6UE,6,193,6.3685555,1.9717182,614.94446,0.42235833749999996,0.6429295500000001,0.8088690642857144,26,44,30
6UE,6,194,6.655238,1.9310104,624.67,0.40085715,0.6327526,0.8192892857142857,26,43,31
6UE,6,195,6.383944,1.9668292,614.5212,0.42120420000000003,0.6417073000000001,0.8084155714285716,26,44,30
6UE,6,196,6.625897,1.9948134,599.7048,0.4030577249999999,0.64870335,0.7925408571428572,26,44,30
6UE,6,197,6.634475,1.8195466,584.6779,0.402414375,0.60488665,0.7764406071428571,26,44,30
6UE,6,198,6.457565,1.8233072,587.4366,0.4156826250000001,0.6058268,0.7793963571428572,26,44,30
6UE,6,199,6.0078907,1.8761309,597.43243,0.44940819749999994,0.619032725,0.7901061749999999,27,43,30
6UE,6,200,5.9108315,1.8989779,609.3947,0.45668763749999997,0.624744475,0.8029228928571429,27,43,30
6UE,6,201,6.0964365,1.9169164,626.99963,0.4427672625,0.6292291,0.8217853178571429,27,43,30
6UE,6,202,5.977563,1.9094238,617.0159,0.451682775,0.62735595,0.8110884642857142,27,43,30
6UE,6,203,5.866118,1.9798201,585.8639,0.46004115,0.644955025,0.7777113214285714,27,43,30
6UE,6,204,5.9178877,1.9255131,612.365,0.45615842250000005,0.6313782750000001,0.8061053571428572,27,43,30
6UE,6,205,6.0895267,1.9531568,612.7766,0.4432854974999999,0.6382892,0.8065463571428572,27,43,30
6UE,6,206,5.7932663,1.8431172,613.5741,0.4655050275,0.6107793,0.8074008214285715,27,43,30
6UE,6,207,5.244596,1.9539496,603.8047,0.5066553,0.6384874,0.7969336071428571,27,43,30
6UE,6,208,5.176921,1.9684906,613.68695,0.5117309250000001,0.64212265,0.8075217321428572,27,43,30
6UE,6,209,4.3383193,2.003332,605.6769,0.5746260525,0.650833,0.7989395357142858,28,43,29
6UE,6,210,6.2098727,2.098535,578.4807,0.43425954750000006,0.67463375,0.76980075,26,44,30
6UE,6,211,7.410248,1.9897884,593.60345,0.34423139999999997,0.6474470999999999,0.7860036964285714,25,45,30
6UE,6,212,7.8450623,1.826274,617.6522,0.3116203274999999,0.6065685000000001,0.8117702142857143,25,44,31
6UE,6,213,7.6037173,1.921209,609.39343,0.32972120250000003,0.63030225,0.8029215321428571,25,44,31
6UE,6,214,7.104279,1.898423,617.22736,0.367179075,0.62460575,0.8113150285714286,26,43,31
6UE,6,215,6.94137,1.9505944,620.23193,0.37939725,0.6376486,0.8145342107142858,26,43,31
6UE,6,216,6.480838,1.8161755,627.0439,0.41393715,0.604043875,0.8218327500000001,26,43,31
6UE,6,217,5.98336,1.9528186,615.45825,0.451248,0.63820465,0.8094195535714286,27,43,30
6UE,6,218,5.0179935,1.962477,610.9343,0.5236504875,0.6406192500000001,0.8045724642857143,27,43,30
6UE,6,219,4.2037587,1.9836038,614.492,0.5847180975,0.64590095,0.8083842857142857,28,43,29
6UE,6,220,3.7282562,1.9112362,615.6725,0.620380785,0.62780905,0.8096491071428572,29,42,29
6UE,6,221,4.132324,1.9633261,609.2196,0.5900757000000001,0.640831525,0.8027352857142858,28,43,29
6UE,6,222,5.2114196,1.8903648,591.74805,0.50914353,0.6225912,0.784015767857143,27,43,30
6UE,6,223,5.4034543,2.007066,594.74786,0.4947409275,0.6517665,0.78722985,27,43,30
6UE,6,224,6.0296574,1.8546921,606.1615,0.44777569500000003,0.613673025,0.7994587500000001,27,43,30
6UE,6,225,5.5610495,1.9088063,602.8216,0.48292128749999996,0.627201575,0.7958802857142858,27,43,30
6UE,6,226,4.9039936,1.8020399,625.08813,0.5322004800000001,0.600509975,0.8197372821428571,28,42,30
6UE,6,227,4.983305,1.7664443,586.27966,0.526252125,0.591611075,0.7781567785714286,28,42,30
6UE,6,228,5.453034,1.8355207,606.81555,0.49102245,0.608880175,0.8001595178571429,27,43,30
6UE,6,229,6.075959,1.8363425,623.0177,0.444303075,0.609085625,0.8175189642857144,27,43,30
6UE,6,230,6.3531117,1.8179206,635.1847,0.4235166225,0.60448015,0.8305550357142858,26,43,31
6UE,6,231,6.2449336,1.8684835,616.7961,0.43162997999999997,0.617120875,0.8108529642857143,27,43,30
6UE,6,232,6.6012506,1.8890399,603.53094,0.40490620499999996,0.6222599750000001,0.7966402928571429,26,44,30
6UE,6,233,6.7433734,1.9615476,621.72833,0.394246995,0.6403869,0.8161374964285715,26,44,30
6UE,6,234,6.492703,1.7170694,599.28534,0.41304727500000005,0.57926735,0.7920914357142858,27,42,31
6UE,6,235,6.4612546,1.8051835,577.70105,0.41540590499999996,0.601295875,0.7689654107142857,27,43,30
6UE,6,236,6.7430253,1.8565158,602.9901,0.3942731024999999,0.61412895,0.7960608214285715,26,43,31
6UE,6,237,6.839323,1.8803438,589.96185,0.38705077499999996,0.62008595,0.7821019821428572,26,44,30
6UE,6,238,6.4292297,1.9261585,607.3433,0.4178077725,0.631539625,0.8007249642857143,26,44,30
6UE,6,239,6.3372703,1.9512748,622.4696,0.4247047275,0.6378187,0.8169317142857143,26,44,30
6UE,6,240,6.474039,1.9346267,632.741,0.414447075,0.633656675,0.8279367857142858,26,43,31
6UE,6,241,6.664867,1.9838021,613.8514,0.40013497500000006,0.6459505249999999,0.8076979285714286,26,44,30
6UE,6,242,6.337683,1.9047241,620.11835,0.4246737749999999,0.6261810250000001,0.8144125178571427,26,44,30
6UE,6,243,6.509422,1.9314882,623.3838,0.41179334999999995,0.63287205,0.8179112142857142,26,44,30
6UE,6,244,7.02774,2.0375965,627.78485,0.37291949999999996,0.659399125,0.8226266250000001,26,43,31
6UE,6,245,6.615908,2.0066721,630.58203,0.40380689999999997,0.651668025,0.8256236035714286,26,44,30
6UE,6,246,6.62577,2.018362,607.8373,0.40306725,0.6545905000000001,0.8012542500000001,26,44,30
6UE,6,247,6.3376613,2.1054873,608.84766,0.4246754025,0.676371825,0.8023367785714287,26,44,30
6UE,6,248,5.803944,1.9775906,598.66144,0.4647041999999999,0.64439765,0.7914229714285714,27,43,30
6UE,6,249,5.4219465,2.117817,606.2846,0.4933540125,0.67945425,0.7995906428571428,27,43,30
6UE,6,250,5.311934,2.0481932,602.4444,0.5016049499999999,0.6620483,0.7954761428571429,27,43,30
6UE,6,251,4.80821,2.0740948,602.2149,0.53938425,0.6685237,0.79523025,28,43,29
6UE,6,252,4.35485,2.0661132,611.6391,0.57338625,0.6665283000000001,0.8053276071428571,28,43,29
6UE,6,253,4.833046,2.0547628,621.00507,0.5375215499999999,0.6636907,0.8153625750000001,27,43,30
6UE,6,254,4.773426,1.9799658,612.6327,0.5419930500000001,0.64499145,0.8063921785714286,28,42,30
6UE,6,255,4.894715,1.997384,620.7673,0.5328963750000001,0.649346,0.8151078214285714,27,43,30
6UE,6,256,5.04153,2.0365973,613.7267,0.5218852500000001,0.659149325,0.8075643214285715,27,43,30
6UE,6,257,4.8789754,2.037025,622.56946,0.5340768450000001,0.65925625,0.8170387071428572,27,43,30
6UE,6,258,4.992745,1.989824,619.26447,0.5255441249999999,0.647456,0.8134976464285714,27,43,30
6UE,6,259,5.7970357,1.9864216,604.2011,0.46522232249999995,0.6466054,0.7973583214285714,27,43,30
6UE,6,260,5.296473,2.0515969,595.7671,0.502764525,0.662899225,0.7883218928571429,27,43,30
6UE,6,261,5.33468,2.1359718,589.4456,0.4998990000000001,0.68399295,0.7815488571428572,27,44,29
6UE,6,262,5.5344715,2.1275544,571.12836,0.48491463749999997,0.6818886000000001,0.761923242857143,27,44,29
6UE,6,263,5.457934,2.108489,588.4077,0.49065495000000003,0.67712225,0.7804368214285714,27,44,29
6UE,6,264,5.740751,2.1035264,620.8796,0.46944367499999995,0.6758816,0.815228142857143,27,43,30
6UE,6,265,5.316141,2.0425518,602.06885,0.5012894250000001,0.66063795,0.7950737678571428,27,43,30
6UE,6,266,5.4836783,1.8243005,604.44745,0.48872412750000005,0.606075125,0.7976222678571429,27,43,30
6UE,6,267,4.9662566,1.9819793,619.1545,0.5275307549999999,0.645494825,0.8133798214285715,27,43,30
6UE,6,268,4.8975606,2.0262127,620.2713,0.532682955,0.656553175,0.8145763928571429,27,43,30
6UE,6,269,5.209827,1.9407339,605.6053,0.509262975,0.6351834749999999,0.7988628214285715,27,43,30
6UE,6,270,4.840499,1.7026836,602.82983,0.536962575,0.5756709,0.7958891035714286,28,42,30
6UE,6,271,4.4995756,1.962328,590.7538,0.5625318300000001,0.640582,0.7829505,28,43,29
6UE,6,272,3.9898229,1.8145709,608.0637,0.6007632825,0.603642725,0.8014968214285715,28,42,30
6UE,6,273,3.6054595,1.9730114,572.18976,0.6295905375,0.6432528500000001,0.7630604571428572,29,42,29
6UE,6,274,3.6210663,1.5224571,569.6476,0.6284200275,0.530614275,0.7603367142857143,29,41,30
6UE,6,275,4.071845,1.8208437,557.46674,0.5946116250000001,0.605210925,0.7472857928571429,29,42,29
6UE,6,276,4.7948017,1.5905161,531.634,0.5403898725,0.5476290250000001,0.7196078571428571,28,42,30
6UE,6,277,4.603083,1.9451176,510.1704,0.554768775,0.6362794,0.6966111428571429,28,43,29
6UE,6,278,4.3176017,1.7269715,597.49866,0.5761798725,0.581742875,0.7901771357142857,28,42,30
6UE,6,279,4.1951947,1.8800579,612.69196,0.5853603975,0.620014475,0.8064556714285714,28,42,30
6UE,6,280,4.1452727,1.4714004,613.994,0.5891045475,0.5178501,0.8078507142857143,29,41,30
6UE,6,281,3.9091198,1.4277434,612.57007,0.6068160149999999,0.50693585,0.806325075,29,41,30
6UE,6,282,4.2555304,1.2271141,619.085,0.5808352200000001,0.45677852500000005,0.8133053571428572,29,40,31
6UE,6,283,3.9755619,1.5737178,608.6348,0.6018328575,0.5434294500000001,0.8021087142857143,29,41,30
6UE,6,284,4.128024,1.5906162,591.0379,0.5903982,0.54765405,0.7832548928571429,29,41,30
6UE,6,285,4.1257277,1.4877623,577.4026,0.5905704225,0.521940575,0.7686456428571429,29,41,30
6UE,6,286,4.010096,1.0926818,591.5859,0.5992428000000001,0.42317045,0.7838420357142858,30,39,31
6UE,6,287,4.0987954,1.1290456,573.88513,0.592590345,0.4322614,0.7648769249999999,30,39,31
6UE,6,288,3.8935468,1.0885693,607.6611,0.6079839899999999,0.42214232500000004,0.8010654642857143,30,39,31
6UE,6,289,3.9388487,1.1657336,625.5082,0.6045863475000001,0.4414334,0.8201873571428572,29,40,31
6UE,6,290,4.5046296,1.1127782,625.72314,0.5621527799999999,0.42819454999999995,0.82041765,29,40,31
6UE,6,291,4.9963264,1.1975911,628.6461,0.52527552,0.449397775,0.823549392857143,28,41,31
6UE,6,292,4.48491,1.1109909,623.596,0.56363175,0.427747725,0.8181385714285715,29,40,31
6UE,6,293,4.207691,1.1438162,626.1565,0.584423175,0.43595405,0.8208819642857144,29,40,31
6UE,6,294,4.0344696,1.0819017,612.0495,0.59741478,0.420475425,0.8057673214285713,30,39,31
6UE,6,295,4.3644547,1.1801971,610.70856,0.5726658975,0.445049275,0.8043306,29,40,31
6UE,6,296,4.7067266,1.1847345,602.84393,0.546995505,0.446183625,0.7959042107142857,29,40,31
6UE,6,297,4.8142176,1.2364823,595.0542,0.53893368,0.45912057500000003,0.7875580714285715,29,40,31
6UE,6,298,4.680951,1.1551505,597.88763,0.548928675,0.438787625,0.7905938892857143,29,40,31
6UE,6,299,4.684202,1.4260112,591.07544,0.54868485,0.5065028,0.7832951142857142,29,41,30
6UE,6,300,4.3559127,1.1414423,607.12244,0.5733065475,0.435360575,0.8004883285714285,29,40,31
6UE,6,301,4.644519,1.2087348,622.6538,0.551661075,0.45218369999999997,0.8171290714285715,29,40,31
6UE,6,302,4.350112,1.1624686,627.14594,0.5737416,0.44061715,0.8219420785714286,29,40,31
6UE,6,303,4.046927,1.2166152,617.59357,0.596480475,0.45415379999999994,0.8117073964285715,29,40,31
6UE,6,304,4.1006713,1.1430283,609.80273,0.5924496524999999,0.43575707500000005,0.8033600678571429,29,40,31
6UE,6,305,4.050755,1.1688987,617.75037,0.596193375,0.44222467499999996,0.8118753964285714,29,40,31
6UE,6,306,3.8191004,1.0837829,622.5021,0.61356747,0.42094572500000005,0.8169665357142858,30,39,31
6UE,6,307,4.006813,1.2343199,623.4129,0.599489025,0.45857997500000003,0.8179423928571429,29,40,31
6UE,6,308,4.123152,1.0527182,615.4617,0.5907636,0.41317954999999995,0.80942325,30,39,31
6UE,6,309,3.8669724,1.0550157,596.7727,0.60997707,0.41375392499999997,0.7893993214285714,30,39,31
6UE,6,310,4.029861,1.1112144,567.36475,0.597760425,0.42780359999999995,0.7578908035714286,30,40,30
6UE,6,311,4.0861006,1.5795214,547.0802,0.593542455,0.54488035,0.7361573571428571,29,42,29
6UE,6,312,3.969192,1.2141265,527.2781,0.6023106,0.453531625,0.7149408214285714,30,40,30
6UE,6,313,4.022702,1.3515203,542.3089,0.59829735,0.48788007499999997,0.73104525,29,41,30
6UE,6,314,4.0360065,1.3248874,606.6602,0.5972995125,0.48122184999999995,0.7999930714285715,29,41,30
6UE,6,315,4.3618298,1.690898,630.15393,0.572862765,0.5727245,0.825164925,28,42,30
6UE,6,316,4.6876583,1.5025147,623.10394,0.5484256275,0.525628675,0.8176113642857142,28,41,31
6UE,6,317,4.4407954,1.7604821,607.4767,0.566940345,0.590120525,0.800867892857143,28,42,30
6UE,6,318,4.2021146,1.8969641,618.98773,0.584841405,0.624241025,0.8132011392857144,28,42,30
6UE,6,319,4.006635,1.988197,616.3461,0.5995023749999999,0.64704925,0.8103708214285714,28,43,29
6UE,6,320,4.6048937,1.9043006,608.49976,0.5546329725,0.62607515,0.8019640285714286,28,42,30
6UE,6,321,4.5403914,2.059025,525.65753,0.559470645,0.66475625,0.7132044964285714,28,43,29
6UE,6,322,4.5417075,1.9742557,505.50986,0.5593719374999999,0.643563925,0.6916177071428572,28,43,29
6UE,6,323,4.676777,1.7845993,491.36026,0.5492417249999999,0.596149825,0.6764574214285715,28,43,29
6UE,6,324,5.3475275,1.9625866,550.1056,0.4989354375,0.64064665,0.7393988571428571,27,44,29
6UE,6,325,4.9643655,1.9362321,543.66064,0.5276725874999999,0.634058025,0.7324935428571429,28,43,29
6UE,6,326,5.009477,2.0062943,598.48364,0.524289225,0.651573575,0.7912324714285716,27,43,30
6UE,6,327,5.1533995,1.9358076,615.5526,0.5134950375,0.6339519,0.8095206428571429,27,43,30
8UE,8,0,8.07913,1.0230086,617.36475,0.3440652500000001,0.45575215,0.8614622321428571,26,41,33
8UE,8,1,7.883946,1.0596961,618.4462,0.35870405000000005,0.464924025,0.8626209285714286,26,41,33
8UE,8,2,7.8290005,1.0322579,588.6057,0.36282496249999996,0.458064475,0.8306489642857142,26,42,32
8UE,8,3,7.5420146,1.0787426,621.10944,0.384348905,0.46968565,0.8654743999999999,26,42,32
8UE,8,4,7.244966,0.97049326,626.0652,0.40662755000000006,0.442623315,0.8707841428571428,27,40,33
8UE,8,5,6.946211,1.0672046,613.11334,0.429034175,0.46680115,0.8569071500000001,27,41,32
8UE,8,6,3.7174437,1.0843177,618.9428,0.6711917224999999,0.471079425,0.8631530000000001,30,39,31
8UE,8,7,4.873793,1.0524536,616.7964,0.584465525,0.4631134,0.8608532857142857,29,40,31
8UE,8,8,6.619049,0.9826379,626.7383,0.453571325,0.44565947499999997,0.8715053214285715,27,41,32
8UE,8,9,7.6263194,1.0916953,630.71094,0.37802604500000003,0.472923825,0.8757617214285716,26,41,33
8UE,8,10,7.1830378,1.24301,621.13794,0.41127216499999997,0.5107524999999999,0.8655049357142857,27,41,32
8UE,8,11,7.9907236,1.2005854,602.9855,0.35069573,0.5001463500000001,0.8460558928571429,26,42,32
8UE,8,12,8.132936,1.6383781,627.4454,0.34002979999999994,0.609594525,0.8722629285714285,25,44,31
8UE,8,13,7.7217503,1.2812723,627.94385,0.3708687275,0.520318075,0.8727969821428572,26,42,32
8UE,8,14,7.661143,1.8105462,633.8538,0.375414275,0.65263655,0.8791290714285713,26,43,31
8UE,8,15,7.883238,1.332529,641.9787,0.35875714999999997,0.53313225,0.8878343214285715,26,42,32
8UE,8,16,8.183584,1.4253557,627.9463,0.33623120000000006,0.5563389249999999,0.8727996071428572,25,43,32
8UE,8,17,7.8003664,1.3135207,634.5626,0.36497252,0.528380175,0.8798884999999999,26,42,32
8UE,8,18,7.438474,1.6273452,632.1114,0.39211445,0.6068362999999999,0.8772622142857143,26,43,31
8UE,8,19,7.480117,1.3303791,616.17975,0.38899122500000005,0.532594775,0.8601925892857143,26,42,32
8UE,8,20,7.783608,1.3663208,610.9189,0.36622940000000004,0.5415802000000001,0.8545559642857143,26,42,32
8UE,8,21,7.687518,1.0878282,623.4811,0.37343615,0.47195705,0.8680154642857143,26,42,32
8UE,8,22,7.5266356,1.1864431,622.69464,0.38550233,0.496610775,0.8671728285714286,26,42,32
8UE,8,23,7.3104334,1.2431222,633.3247,0.401717495,0.51078055,0.8785621785714286,26,42,32
8UE,8,24,7.593567,1.3351897,634.8516,0.380482475,0.5337974249999999,0.8801981428571428,26,42,32
8UE,8,25,7.6787515,1.2521781,616.37024,0.3740936375,0.513044525,0.8603966857142857,26,42,32
8UE,8,26,7.8147593,1.2074167,581.96027,0.3638930525,0.5018541750000001,0.8235288607142859,26,42,32
8UE,8,27,7.8653045,1.3007779,609.48224,0.36010216250000004,0.5251944749999999,0.8530166857142858,26,42,32
8UE,8,28,7.7365646,1.5191406,626.0961,0.369757655,0.57978515,0.87081725,26,42,32
8UE,8,29,7.8176103,1.2492607,614.2746,0.36367922750000004,0.512315175,0.8581513571428572,26,42,32
8UE,8,30,7.7620482,1.422754,628.75116,0.367846385,0.5556885,0.8736619571428572,26,42,32
8UE,8,31,7.8399043,1.1290687,615.28186,0.3620071775,0.482267175,0.8592305642857143,26,42,32
8UE,8,32,7.9227734,1.4102753,628.15967,0.355791995,0.552568825,0.8730282178571429,26,42,32
8UE,8,33,7.935074,1.2099952,635.663,0.35486945000000003,0.5024988,0.8810675000000001,26,42,32
8UE,8,34,7.84248,1.1465982,624.5337,0.36181399999999997,0.48664955,0.86914325,26,42,32
8UE,8,35,7.609779,1.2012457,614.2185,0.37926657500000005,0.500311425,0.85809125,26,42,32
8UE,8,36,7.262609,1.2673622,624.94904,0.405304325,0.51684055,0.869588257142857,27,41,32
8UE,8,37,7.25697,1.6241366,640.8007,0.40572725,0.6060341499999999,0.8865721785714284,26,43,31
8UE,8,38,7.187409,1.6275984,626.9757,0.410944325,0.6068996,0.8717596785714286,26,43,31
8UE,8,39,7.5732975,1.4805118,635.3459,0.3820026875,0.57012795,0.8807277499999999,26,42,32
8UE,8,40,7.863189,2.0260985,620.74207,0.360260825,0.7065246249999999,0.8650807892857142,25,44,31
8UE,8,41,8.026733,1.7099817,617.7079,0.347995025,0.627495425,0.8618298928571428,25,44,31
8UE,8,42,7.8479123,1.810497,628.38324,0.36140657750000005,0.65262425,0.8732677571428571,25,44,31
8UE,8,43,7.8199635,2.0904806,620.3912,0.3635027375,0.72262015,0.864704857142857,25,45,30
8UE,8,44,7.804633,2.1873028,624.08374,0.364652525,0.7468257,0.8686611500000001,25,45,30
8UE,8,45,7.615021,1.9529145,634.92487,0.37887342500000004,0.688228625,0.8802766464285714,25,44,31
8UE,8,46,7.455875,1.632524,621.154,0.390809375,0.608131,0.8655221428571429,26,43,31
8UE,8,47,8.526078,1.6205084,611.73676,0.31054415,0.6051271,0.8554322428571428,25,43,32
8UE,8,48,8.361249,1.3794917,615.3537,0.32290632499999994,0.544872925,0.8593075357142856,25,43,32
8UE,8,49,8.199206,1.869834,615.24994,0.33505955,0.6674585,0.8591963642857143,25,44,31
8UE,8,50,8.143056,1.2701775,604.95734,0.33927080000000004,0.517544375,0.8481685785714286,26,42,32
8UE,8,51,8.090568,2.1890934,616.5799,0.34320740000000005,0.74727335,0.8606213214285714,25,45,30
8UE,8,52,7.948774,1.4458101,628.6833,0.35384194999999996,0.561452525,0.87358925,26,42,32
8UE,8,53,7.6987424,1.2024952,609.09503,0.37259432,0.5006238000000001,0.8526018178571428,26,42,32
8UE,8,54,7.6957693,1.0774672,616.3525,0.3728173025,0.46936680000000003,0.8603776785714286,26,42,32
8UE,8,55,8.348286,1.1884096,591.9298,0.32387855,0.4971024,0.8342105,26,42,32
8UE,8,56,8.290765,1.108437,618.7548,0.328192625,0.47710925,0.8629515714285714,26,41,33
8UE,8,57,7.666968,1.1847798,633.7066,0.3749774,0.49619495,0.8789713571428572,26,42,32
8UE,8,58,7.5856824,1.1587744,625.23254,0.38107382,0.4896936,0.8698920071428571,26,42,32
8UE,8,59,7.4234896,1.3373784,630.1934,0.39323828000000005,0.5343446000000001,0.8752072142857144,26,42,32
8UE,8,60,7.157152,1.4064039,636.08936,0.4132136,0.5516009749999999,0.8815243142857143,26,42,32
8UE,8,61,7.1970253,1.2369367,604.73615,0.41022310250000005,0.509234175,0.8479315892857142,27,41,32
8UE,8,62,7.1827073,1.1253003,598.3095,0.41129695250000003,0.481325075,0.8410458928571427,27,41,32
8UE,8,63,7.3303485,1.2656823,625.1695,0.40022386249999997,0.5164205749999999,0.8698244642857142,26,42,32
8UE,8,64,7.531669,1.2835513,620.83514,0.385124825,0.520887825,0.8651805071428571,26,42,32
8UE,8,65,7.7470613,1.3424495,616.5622,0.3689704025,0.535612375,0.8606023571428572,26,42,32
8UE,8,66,7.828086,1.395966,664.4402,0.36289355,0.5489915000000001,0.9119002142857142,26,42,32
8UE,8,67,7.8068304,1.4498205,638.3682,0.36448772,0.5624551250000001,0.8839659285714285,26,42,32
8UE,8,68,7.8420396,1.6355599,637.92346,0.36184703000000007,0.6088899750000001,0.8834894214285713,26,43,31
8UE,8,69,8.070393,1.8207462,632.9527,0.34472052500000006,0.65518655,0.8781636071428571,25,44,31
8UE,8,70,7.7771215,1.4747622,542.7992,0.36671588750000006,0.56869055,0.7815705714285714,26,43,31
8UE,8,71,7.701913,2.0461953,509.61902,0.372356525,0.7115488249999999,0.7460203785714286,26,45,29
8UE,8,72,8.199366,1.6025921,554.1373,0.3350475500000001,0.6006480250000001,0.7937185357142857,25,44,31
8UE,8,73,8.09486,1.9362785,570.12067,0.34288549999999995,0.684069625,0.810843575,25,45,30
8UE,8,74,7.9530272,1.7690282,505.51157,0.35352296,0.64225705,0.7416195392857143,26,44,30
8UE,8,75,7.710531,2.223013,419.87717,0.37171017500000003,0.7557532499999999,0.6498683964285714,26,46,28
8UE,8,76,8.119739,2.1522894,349.30438,0.3410195750000001,0.7380723499999999,0.5742546928571428,25,47,28
8UE,8,77,7.9545503,1.9135407,382.11606,0.35340872749999996,0.6783851750000001,0.6094100642857143,26,45,29
8UE,8,78,7.6795444,1.7800562,464.30075,0.37403417,0.6450140499999999,0.6974650892857143,26,44,30
8UE,8,79,7.704883,1.7740688,499.1916,0.372133775,0.6435172,0.734848142857143,26,44,30
8UE,8,80,7.724969,1.8931172,597.6031,0.37062732500000006,0.6732792999999999,0.8402890357142858,25,44,31
8UE,8,81,8.417963,1.4259723,581.88885,0.318652775,0.556493075,0.8234523392857143,25,43,32
8UE,8,82,8.135386,1.9228661,584.9935,0.33984605,0.680716525,0.8267787500000001,25,44,31
8UE,8,83,7.8118315,1.7860593,622.3302,0.3641126375,0.6465148249999999,0.866782357142857,25,44,31
8UE,8,84,8.05356,1.648764,626.14294,0.34598300000000004,0.6121909999999999,0.8708674357142856,25,44,31
8UE,8,85,8.13041,1.4745233,629.4241,0.3402192500000001,0.5686308250000001,0.8743829642857142,25,43,32
8UE,8,86,7.8317494,1.2651407,624.66846,0.36261879500000005,0.5162851749999999,0.8692876357142858,26,42,32
8UE,8,87,7.677611,1.2115824,633.45886,0.37417917500000003,0.5028956,0.8787059214285715,26,42,32
8UE,8,88,7.5691934,1.4397825,632.9375,0.38231049500000003,0.559945625,0.8781473214285713,26,42,32
8UE,8,89,7.740811,1.1753688,634.4928,0.369439175,0.4938422,0.8798137142857143,26,42,32
8UE,8,90,7.8771634,1.1618347,632.41516,0.359212745,0.490458675,0.8775876714285713,26,42,32
8UE,8,91,7.9099255,1.1473161,614.4025,0.3567555875,0.486829025,0.858288392857143,26,42,32
8UE,8,92,8.191193,1.0643631,637.687,0.335660525,0.466090775,0.8832360714285714,26,41,33
8UE,8,93,8.475458,1.0135784,634.79675,0.31434065,0.45339460000000004,0.880139375,26,41,33
8UE,8,94,7.963862,1.1396425,641.7155,0.35271035000000006,0.484910625,0.8875523214285714,26,41,33
8UE,8,95,7.5207257,1.1176189,646.90247,0.38594557250000006,0.47940472500000003,0.8931097892857143,26,41,33
8UE,8,96,7.6629047,1.1142776,622.25665,0.3752821475,0.47856940000000003,0.8667035535714287,26,42,32
8UE,8,97,7.932223,1.1788125,622.1265,0.35508327500000003,0.494703125,0.8665641071428571,26,42,32
8UE,8,98,7.7969275,1.2739236,624.21173,0.36523043750000006,0.5184809,0.8687982821428573,26,42,32
8UE,8,99,7.8628187,1.1799898,635.1829,0.3602885975,0.49499745,0.8805531071428572,26,42,32
8UE,8,100,8.067522,1.1105396,641.72015,0.34493585,0.47763490000000003,0.8875573035714286,26,41,33
8UE,8,101,8.055071,1.5641133,632.4592,0.345869675,0.5910283249999999,0.8776348571428572,25,43,32
8UE,8,102,7.871921,1.7106519,645.0797,0.359605925,0.627662975,0.8911568214285714,25,44,31
8UE,8,103,8.029969,1.2019681,633.5555,0.3477523250000001,0.500492025,0.8788094642857143,26,42,32
8UE,8,104,8.010231,1.5991865,618.3257,0.3492326750000001,0.599796625,0.8624918214285713,25,44,31
8UE,8,105,8.045407,1.3531704,628.88947,0.34659447499999996,0.5382926,0.8738101464285715,26,42,32
8UE,8,106,8.004052,1.7777257,622.8703,0.34969610000000007,0.6444314250000001,0.8673610357142858,25,44,31
8UE,8,107,7.8346415,1.2627333,638.80597,0.3624018875,0.515683325,0.8844349678571428,26,42,32
8UE,8,108,7.6558437,1.8413204,643.05786,0.3758117225,0.6603300999999999,0.8889905642857143,25,44,31
8UE,8,109,8.2145405,1.5068204,633.2611,0.3339094625,0.5767051000000001,0.8784940357142856,25,43,32
8UE,8,110,8.26937,1.3879446,628.74896,0.32979725,0.54698615,0.8736596000000001,25,43,32
8UE,8,111,8.183959,1.0170342,639.43536,0.336203075,0.45425855000000004,0.8851093142857143,26,41,33
8UE,8,112,8.16405,1.0461094,636.6,0.33769625000000003,0.46152735,0.8820714285714286,26,41,33
8UE,8,113,8.11871,1.1511165,640.39026,0.34109675,0.48777912500000004,0.8861324214285715,26,41,33
8UE,8,114,7.9677525,1.025083,624.7267,0.35241856250000003,0.45627075,0.8693500357142858,26,41,33
8UE,8,115,7.535092,1.067048,581.6311,0.38486810000000005,0.466762,0.8231761785714284,27,41,32
8UE,8,116,7.2869773,1.0523863,621.30914,0.4034767025,0.463096575,0.8656883642857143,27,41,32
8UE,8,117,7.603102,1.161486,637.6007,0.37976735000000006,0.4903715,0.8831436071428571,26,42,32
8UE,8,118,7.3964734,0.9835676,634.19293,0.39526449500000005,0.4458919,0.879492425,27,40,33
8UE,8,119,8.573627,1.0000788,637.90076,0.306977975,0.4500197,0.8834651,25,42,33
8UE,8,120,8.328185,1.1306641,632.8536,0.3253861250000001,0.482666025,0.8780574285714287,26,41,33
8UE,8,121,8.385299,1.0637916,624.3575,0.32110257500000006,0.4659479,0.8689544642857141,26,41,33
8UE,8,122,8.030948,1.4048117,642.16547,0.3476789,0.551202925,0.8880344321428573,26,42,32
8UE,8,123,8.075733,1.103737,628.68475,0.34432002500000003,0.47593425,0.8735908035714286,26,41,33
8UE,8,124,7.769962,1.1234308,631.30493,0.3672528500000001,0.4808577,0.8763981392857143,26,41,33
8UE,8,125,7.6221313,1.2221014,630.2408,0.37834015249999997,0.50552535,0.8752580000000001,26,42,32
8UE,8,126,7.627277,1.6295688,620.5628,0.377954225,0.6073922,0.8648887142857145,26,43,31
8UE,8,127,7.4567204,1.5061336,518.67377,0.39074597,0.5765334,0.7557218964285715,26,44,30
8UE,8,128,7.8910832,1.6073781,515.6336,0.35816876000000003,0.601844525,0.7524645714285714,26,44,30
8UE,8,129,7.6370792,1.049647,585.4513,0.37721906000000005,0.46241175,0.8272692500000001,27,41,32
8UE,8,130,7.1305313,1.3921295,612.4123,0.4152101525,0.548032375,0.8561560357142857,27,42,31
8UE,8,131,8.269595,1.2471818,614.3544,0.32978037499999996,0.5117954499999999,0.8582368571428571,26,42,32
8UE,8,132,8.368539,1.0289232,621.702,0.322359575,0.4572308,0.8661092857142858,26,41,33
8UE,8,133,8.234846,1.3452858,615.89514,0.33238655000000006,0.53632145,0.8598876499999999,25,43,32
8UE,8,134,7.973614,1.0646168,600.181,0.35197895,0.4661542,0.8430510714285715,26,42,32
8UE,8,135,7.9527698,1.0999357,617.759,0.3535422650000001,0.47498392500000003,0.861884642857143,26,41,33
8UE,8,136,8.040853,0.9388175,607.4851,0.346936025,0.43470437500000003,0.8508768928571429,26,41,33
8UE,8,137,7.707283,1.0003067,601.89825,0.371953775,0.45007667500000004,0.844890982142857,26,41,33
8UE,8,138,7.699005,0.99875605,632.6176,0.37257462500000005,0.44968901250000004,0.8778045714285714,26,41,33
8UE,8,139,8.066652,0.9730087,625.29504,0.34500110000000006,0.443252175,0.8699589714285714,26,41,33
8UE,8,140,8.155324,0.97384167,622.98157,0.3383507,0.44346041750000004,0.8674802535714286,26,41,33
8UE,8,141,8.144868,0.9674258,617.7721,0.33913489999999996,0.44185645,0.8618986785714287,26,41,33
8UE,8,142,8.082501,0.97879803,611.94635,0.343812425,0.4446995075,0.8556568035714287,26,41,33
8UE,8,143,8.03931,0.9465497,624.2942,0.34705175,0.436637425,0.8688866428571429,26,41,33
8UE,8,144,7.778864,0.95952314,623.33777,0.36658520000000006,0.43988078500000005,0.8678618964285714,26,41,33
8UE,8,145,7.683894,0.9515459,610.83417,0.37370795,0.437886475,0.854465182142857,27,40,33
8UE,8,146,7.165398,0.93256015,585.3626,0.41259515,0.4331400375,0.8271742142857144,27,41,32
8UE,8,147,7.247252,0.9118886,602.5575,0.40645610000000004,0.42797215,0.8455973214285715,27,40,33
8UE,8,148,7.120875,0.92833143,604.2968,0.415934375,0.4320828575,0.8474608571428572,27,41,32
8UE,8,149,6.96475,0.9348288,625.7102,0.42764375,0.4337072,0.8704037857142857,27,40,33
8UE,8,150,6.7906256,0.94772756,634.0775,0.44070308,0.43693189,0.87936875,27,41,32
8UE,8,151,6.344036,0.9462285,620.7458,0.47419730000000004,0.436557125,0.8650847857142858,28,40,32
8UE,8,152,6.02685,0.9472571,615.2334,0.4979862500000001,0.43681427500000003,0.8591786428571428,28,40,32
8UE,8,153,5.807596,0.994026,615.34717,0.5144302999999999,0.4485065,0.8593005392857143,28,40,32
8UE,8,154,6.022486,0.9517027,637.65295,0.49831355,0.437925675,0.8831995892857143,28,40,32
8UE,8,155,5.911772,0.95042676,630.1701,0.5066171,0.43760669,0.8751822499999999,28,40,32
8UE,8,156,5.3981447,0.94666415,631.0746,0.5451391475,0.4366660375,0.8761513571428572,29,39,32
8UE,8,157,5.158033,0.931951,627.76483,0.563147525,0.43298775,0.8726051749999999,29,39,32
8UE,8,158,4.4839363,0.9445433,599.2136,0.6137047775,0.436135825,0.8420145714285714,29,40,31
8UE,8,159,5.1419263,0.9487021,576.72144,0.5643555275000001,0.437175525,0.8179158285714285,29,40,31
8UE,8,160,4.446727,0.9610386,582.6826,0.616495475,0.44025965,0.8243027857142857,30,39,31
8UE,8,161,4.7011895,0.9426603,533.9,0.5974107875,0.435665075,0.7720357142857142,30,39,31
8UE,8,162,5.698222,0.90585643,577.7836,0.52263335,0.4264641075,0.8190538571428572,29,39,32
8UE,8,163,5.8182693,0.9510325,608.7303,0.5136298025000001,0.437758125,0.8522110357142858,28,40,32
8UE,8,164,5.3762875,1.0040176,568.57007,0.5467784375,0.4510044,0.8091822178571428,29,40,31
8UE,8,165,4.849046,0.9488403,609.7765,0.5863215500000001,0.43721007500000003,0.8533319642857145,29,40,31
8UE,8,166,4.991913,0.9752613,658.0328,0.575606525,0.44381532500000004,0.9050351428571428,29,39,32
8UE,8,167,4.5513544,1.1200548,648.55054,0.60864842,0.4800137,0.8948755785714284,29,40,31
8UE,8,168,5.1648173,1.0071977,633.9038,0.5626387025,0.45179942500000003,0.879182642857143,29,39,32
8UE,8,169,4.906915,1.0714549,657.0251,0.581981375,0.467863725,0.9039554642857142,29,40,31
8UE,8,170,5.708704,0.92276764,640.7671,0.5218472000000001,0.43069191,0.8865361785714285,28,40,32
8UE,8,171,5.1887794,1.0251414,619.0283,0.5608415449999999,0.45628535000000003,0.863244607142857,29,40,31
8UE,8,172,4.7765183,0.9558578,638.6251,0.5917611275000001,0.43896445,0.8842411785714286,29,39,32
8UE,8,173,4.559194,0.9359344,578.5423,0.60806045,0.4339836,0.8198667499999999,30,39,31
8UE,8,174,4.5662236,0.90043396,551.3165,0.60753323,0.42510849,0.7906962500000001,30,39,31
8UE,8,175,4.170201,0.9189618,530.77686,0.637234925,0.42974045,0.768689492857143,30,40,30
8UE,8,176,5.538996,0.9495617,596.0134,0.5345753,0.437390425,0.8385857857142858,29,40,31
8UE,8,177,6.3670173,0.9383433,604.0676,0.47247370250000004,0.434585825,0.8472152857142856,28,40,32
8UE,8,178,6.46629,0.9443406,612.2364,0.46502825,0.43608515000000003,0.8559675714285715,28,40,32
8UE,8,179,5.8503447,0.92968893,622.2939,0.5112241475000001,0.4324222325,0.8667434642857144,28,40,32
8UE,8,180,6.146107,0.9556854,572.9824,0.4890419750000001,0.43892135,0.8139097142857143,28,40,32
8UE,8,181,6.0920296,0.9236403,611.36237,0.49309778000000004,0.430910075,0.8550311107142858,28,40,32
8UE,8,182,6.116523,0.9119161,626.7352,0.491260775,0.427979025,0.871502,28,40,32
8UE,8,183,5.7047954,0.9295911,623.573,0.522140345,0.43239777500000004,0.8681139285714286,28,40,32
8UE,8,184,5.4573455,0.9525105,626.8875,0.5406990875000001,0.438127625,0.8716651785714287,29,39,32
8UE,8,185,5.3911824,0.9307318,636.3254,0.54566132,0.43268295,0.8817772142857143,29,39,32
8UE,8,186,5.69074,0.9557675,614.60736,0.5231945,0.438941875,0.8585078857142856,28,40,32
8UE,8,187,6.3105793,0.95219684,608.40717,0.4767065525,0.43804921,0.8518648249999998,28,40,32
8UE,8,188,5.887641,0.9615811,618.1335,0.508426925,0.440395275,0.8622858928571429,28,40,32
8UE,8,189,6.4970884,0.9524409,619.3059,0.46271837000000005,0.438110225,0.8635420357142858,28,40,32
8UE,8,190,6.505367,0.9662399,623.6459,0.46209747500000004,0.441559975,0.8681920357142856,28,40,32
8UE,8,191,6.8838005,0.96947765,619.74243,0.43371496249999997,0.4423694125,0.8640097464285714,27,41,32
8UE,8,192,7.2411633,0.9664234,600.3736,0.40691275250000003,0.44160585,0.8432574285714285,27,41,32
8UE,8,193,7.1054482,0.96756595,617.0205,0.41709138500000004,0.4418914875,0.8610933928571427,27,41,32
8UE,8,194,7.1596045,0.98703814,609.8728,0.41302966249999995,0.446759535,0.8534351428571427,27,41,32
8UE,8,195,6.9217587,0.944169,606.5803,0.4308680975,0.43604225,0.8499074642857143,27,41,32
8UE,8,196,6.9015794,0.96118176,625.4323,0.43238154500000003,0.44029544,0.8701060357142858,27,41,32
8UE,8,197,6.5868754,0.94122666,628.4236,0.45598434499999996,0.43530666500000004,0.873311,28,40,32
8UE,8,198,7.0538554,0.9520273,611.4921,0.42096084500000003,0.438006825,0.8551701071428572,27,41,32
8UE,8,199,6.7269897,0.9485108,617.85614,0.44547577250000003,0.4371277,0.8619887214285713,27,41,32
8UE,8,200,6.7135806,0.9321525,621.1032,0.446481455,0.43303812500000005,0.8654677142857143,27,41,32
8UE,8,201,6.6728683,0.95983166,626.5744,0.4495348775,0.43995791500000003,0.8713297142857142,27,41,32
8UE,8,202,6.843443,0.9477763,621.5398,0.436741775,0.436944075,0.8659355,27,41,32
8UE,8,203,7.0216327,0.9427041,628.87897,0.4233775475,0.435676025,0.8737988964285714,27,40,33
8UE,8,204,6.6360517,0.95760137,633.165,0.45229612249999995,0.43940034250000004,0.8783910714285714,27,41,32
8UE,8,205,6.1979737,0.9340434,630.03687,0.48515197250000003,0.43351085,0.8750395035714287,28,40,32
8UE,8,206,6.704937,0.92924935,620.704,0.44712972500000003,0.4323123375,0.86504,28,40,32
8UE,8,207,6.3175364,0.94855225,614.5565,0.47618477,0.4371380625,0.858453392857143,28,40,32
8UE,8,208,6.6835794,0.98097986,594.03705,0.448731545,0.445244965,0.8364682678571429,28,40,32
8UE,8,209,6.7723308,0.94727653,490.19464,0.44207519000000006,0.4368191325,0.7252085428571429,28,41,31
8UE,8,210,6.925072,0.9603355,517.79675,0.4306196,0.440083875,0.754782232142857,28,41,31
8UE,8,211,7.238425,0.9453389,575.8676,0.407118125,0.43633472500000003,0.8170010000000001,27,41,32
8UE,8,212,6.965585,0.96422577,551.60126,0.427581125,0.4410564425,0.7910013500000002,27,41,32
8UE,8,213,6.7854023,0.9337095,524.82544,0.44109482749999995,0.433427375,0.7623129714285715,28,41,31
8UE,8,214,7.144016,0.9730971,610.6456,0.41419880000000003,0.44327427500000005,0.8542631428571428,27,41,32
8UE,8,215,7.0823727,0.9561397,540.9164,0.41882204750000007,0.439034925,0.7795532857142857,27,41,32
8UE,8,216,6.7480774,0.93110895,521.0995,0.44389419500000005,0.4327772375,0.758320892857143,28,41,31
8UE,8,217,6.621552,0.94475144,597.03467,0.45338359999999994,0.43618786,0.8396800035714287,28,40,32
8UE,8,218,6.4600306,0.94868547,607.115,0.46549770500000004,0.4371713675,0.8504803571428572,28,40,32
8UE,8,219,6.602852,0.9248519,609.13104,0.4547861,0.431212975,0.8526403999999999,28,40,32
8UE,8,220,6.218268,0.99959815,607.8359,0.4836299,0.4498995375,0.85125275,28,40,32
8UE,8,221,6.2035837,0.9220338,630.7265,0.48473122249999995,0.43050845000000004,0.8757783928571428,28,40,32
8UE,8,222,5.8148804,0.9792872,631.7804,0.51388397,0.4448218,0.8769075714285715,28,40,32
8UE,8,223,6.191748,0.9369748,630.5737,0.4856189000000001,0.4342437,0.8756146785714287,28,40,32
8UE,8,224,5.829988,0.97668546,615.46576,0.5127508999999999,0.444171365,0.8594276000000001,28,40,32
8UE,8,225,5.248105,0.9448671,613.4084,0.5563921250000001,0.436216775,0.8572232857142859,29,39,32
8UE,8,226,5.7077794,1.0463911,615.3356,0.5219165450000001,0.461597775,0.8592881428571428,28,40,32
8UE,8,227,4.890209,0.914841,621.76776,0.583234325,0.42871025,0.8661797428571429,29,39,32
8UE,8,228,6.4850464,1.0612862,627.6732,0.46362152000000006,0.46532155000000003,0.8725069999999999,27,41,32
8UE,8,229,6.8430405,1.0155883,620.2216,0.43677196250000005,0.45389707500000004,0.8645231428571429,27,41,32
8UE,8,230,7.199756,1.017756,575.03235,0.41001830000000006,0.45443900000000004,0.8161060892857142,27,41,32
8UE,8,231,7.11211,0.98585385,619.16266,0.41659175,0.4464634625,0.8633885642857142,27,41,32
8UE,8,232,7.109829,0.9913108,632.31525,0.41676282499999995,0.44782770000000005,0.877480625,27,40,33
8UE,8,233,6.9475136,1.0177783,621.4633,0.42893648000000006,0.454444575,0.8658535357142858,27,41,32
8UE,8,234,7.3425803,0.9561268,606.3963,0.39930647750000003,0.4390317,0.8497103214285715,27,41,32
8UE,8,235,7.5733604,0.93956816,621.76764,0.38199797,0.43489204000000004,0.8661796142857143,27,40,33
8UE,8,236,7.1366706,0.9215436,623.30646,0.41474970499999997,0.4303859,0.8678283500000001,27,40,33
8UE,8,237,6.4843917,0.8987096,614.76324,0.4636706225000001,0.42467740000000004,0.8586749,28,40,32
8UE,8,238,7.7366657,1.0257007,597.19824,0.3697500725,0.456425175,0.8398552571428572,26,42,32
8UE,8,239,7.7616134,0.8949102,617.18854,0.367878995,0.42372755,0.8612734357142857,27,40,33
8UE,8,240,7.821668,1.0431626,606.49274,0.36337490000000006,0.46079065,0.84981365,26,41,33
8UE,8,241,7.876113,1.0337528,624.98706,0.359291525,0.4584382,0.8696289928571428,26,41,33
8UE,8,242,8.075399,0.98979354,627.5981,0.34434507499999994,0.447448385,0.8724265357142857,26,41,33
8UE,8,243,7.909313,1.2052245,623.8418,0.356801525,0.5013061249999999,0.8684019285714286,26,42,32
8UE,8,244,7.8190937,1.026269,615.82556,0.36356797250000006,0.45656725000000004,0.8598131,26,41,33
8UE,8,245,7.682041,1.0910636,620.50244,0.37384692500000005,0.4727659,0.8648240428571428,26,42,32
8UE,8,246,7.5859275,0.9669821,631.9648,0.3810554375,0.441745525,0.8771051428571428,27,40,33
8UE,8,247,7.6470704,0.9957714,622.4071,0.37646972,0.44894285,0.86686475,26,41,33
8UE,8,248,7.551849,0.9741949,615.0819,0.38361132500000006,0.443548725,0.8590163214285715,27,40,33
8UE,8,249,7.3516703,0.98151815,596.2526,0.3986247275,0.4453795375,0.8388420714285714,27,41,32
8UE,8,250,7.524301,0.9755928,629.54846,0.385677425,0.4438982,0.8745162071428572,27,40,33
8UE,8,251,7.383624,0.9216885,637.4401,0.39622820000000003,0.430422125,0.8829715357142858,27,40,33
8UE,8,252,7.242907,0.9695369,602.12476,0.406781975,0.442384225,0.8451336714285715,27,41,32
8UE,8,253,6.8953996,0.9858528,610.15,0.43284502999999996,0.4464632,0.8537321428571429,27,41,32
8UE,8,254,6.4128222,0.919242,596.7562,0.469038335,0.42981050000000004,0.8393816428571428,28,40,32
8UE,8,255,6.5586185,0.95129794,587.6364,0.45810361250000003,0.43782448500000004,0.8296104285714285,28,40,32
8UE,8,256,6.700216,0.95471287,626.17053,0.4474838,0.4386782175,0.8708969964285713,27,41,32
8UE,8,257,7.040518,0.98722184,618.4696,0.42196115,0.44680546,0.862646,27,41,32
8UE,8,258,7.036671,0.9316086,632.78143,0.422249675,0.43290215,0.8779801035714285,27,40,33
8UE,8,259,7.462389,0.9164051,630.20233,0.390320825,0.429101275,0.8752167821428571,27,40,33
8UE,8,260,7.6115775,0.9419571,626.73615,0.37913168750000004,0.435489275,0.8715030178571428,27,40,33
8UE,8,261,7.552074,0.93050224,614.30835,0.38359445000000003,0.43262556,0.858187517857143,27,40,33
8UE,8,262,7.906406,0.9235327,612.6432,0.3570195500000001,0.430883175,0.8564034285714286,26,41,33
8UE,8,263,7.632521,0.9612822,630.624,0.37756092500000005,0.44032055,0.8756685714285715,27,40,33
8UE,8,264,7.6724668,0.9561209,619.3018,0.37456499000000004,0.43903022500000005,0.8635376428571429,27,40,33
8UE,8,265,7.5000625,0.9487651,626.0485,0.3874953125,0.437191275,0.87076625,27,40,33
8UE,8,266,7.2668924,0.9404858,617.9807,0.40498307,0.43512145,0.8621221785714286,27,40,33
8UE,8,267,7.2746468,0.97599846,568.8548,0.40440149000000003,0.443999615,0.8094872857142856,27,41,32
8UE,8,268,7.712967,0.96312314,581.1957,0.37152747500000005,0.440780785,0.8227096785714285,27,41,32
8UE,8,269,7.6416965,0.95004123,624.20825,0.3768727625,0.4375103075,0.8687945535714285,27,40,33
8UE,8,270,7.5143676,0.9626189,616.44556,0.38642243,0.440654725,0.8604773857142858,27,40,33
8UE,8,271,7.4185824,0.9534651,628.9638,0.39360632,0.438366275,0.8738897857142858,27,40,33
8UE,8,272,7.321302,0.97067356,624.6499,0.40090234999999996,0.44266839,0.8692677499999999,27,40,33
8UE,8,273,7.124597,0.96183455,629.706,0.4156552250000001,0.4404586375,0.8746849999999999,27,40,33
8UE,8,274,6.819163,0.9733918,603.5281,0.43856277500000007,0.44334795000000005,0.8466372500000001,27,41,32
8UE,8,275,6.811436,0.97784966,602.74915,0.43914230000000004,0.444462415,0.8458026607142857,27,41,32
8UE,8,276,6.4026575,0.9253977,620.6538,0.46980068750000004,0.431349425,0.8649862142857143,28,40,32
8UE,8,277,6.396708,0.99950117,615.842,0.4702469,0.4498752925,0.8598307142857142,28,40,32
8UE,8,278,6.3257923,0.9706473,627.73047,0.47556557750000006,0.442661825,0.8725683607142856,28,40,32
8UE,8,279,5.828021,0.9440332,621.95795,0.5128984249999999,0.4360083,0.8663835178571428,28,40,32
8UE,8,280,6.2532015,0.9315731,625.47864,0.48100988749999996,0.432893275,0.8701556857142858,28,40,32
8UE,8,281,5.871418,0.9660982,620.1002,0.5096436499999999,0.44152455,0.8643930714285715,28,40,32
8UE,8,282,6.111245,0.98313963,625.3288,0.49165662499999996,0.44578490750000005,0.8699951428571429,28,40,32
8UE,8,283,5.6913853,0.9147311,614.63745,0.5231461024999999,0.428682775,0.858540125,28,40,32
8UE,8,284,5.4883966,0.9294037,612.3028,0.538370255,0.43235092500000005,0.8560387142857144,29,39,32
8UE,8,285,5.68271,0.9664645,626.5528,0.52379675,0.441616125,0.8713065714285715,28,40,32
8UE,8,286,6.2553716,0.9708935,634.6952,0.48084712999999996,0.442723375,0.8800305714285714,28,40,32
8UE,8,287,6.620178,0.90594244,599.16797,0.45348665000000005,0.42648561,0.8419656821428572,28,40,32
8UE,8,288,6.1553345,0.9141186,620.5515,0.4883499125,0.42852965,0.8648766071428571,28,40,32
8UE,8,289,6.2324924,0.93876666,634.21576,0.48256307,0.434691665,0.8795168857142857,28,40,32
8UE,8,290,5.42524,0.994068,630.58624,0.543107,0.448517,0.8756281142857143,29,39,32
8UE,8,291,6.333552,0.9656775,641.45605,0.4749836,0.441419375,0.8872743392857143,28,40,32
8UE,8,292,6.911844,0.9158473,626.8103,0.4316117,0.428961825,0.8715824642857142,27,40,33
8UE,8,293,6.279253,0.9814246,627.0237,0.479056025,0.44535615,0.8718111071428571,28,40,32
8UE,8,294,6.1782684,0.9796244,619.5648,0.48662987,0.4449061,0.8638194285714287,28,40,32
8UE,8,295,6.5896325,0.9673624,620.4054,0.4557775625,0.44184060000000003,0.8647200714285714,28,40,32
8UE,8,296,7.013736,1.0151905,608.14453,0.42396980000000006,0.45379762500000004,0.8515834250000001,27,41,32
8UE,8,297,6.8407493,0.9455338,612.9314,0.43694380250000003,0.43638345,0.8567122142857142,27,41,32
8UE,8,298,6.377065,1.0136119,611.1682,0.47172012500000005,0.453402975,0.8548230714285714,28,40,32
8UE,8,299,6.259819,0.9683973,607.9341,0.480513575,0.44209932500000004,0.8513579642857143,28,40,32
8UE,8,300,6.036634,0.9315721,624.8313,0.49725244999999996,0.43289302500000004,0.8694621071428572,28,40,32
8UE,8,301,7.0366836,1.0172833,655.71515,0.42224873,0.454320825,0.9025519464285714,27,40,33
8UE,8,302,6.714651,1.082452,657.94257,0.446401175,0.470613,0.9049384678571428,27,41,32
8UE,8,303,4.322655,1.0317451,629.1922,0.625800875,0.457936275,0.8741345,29,40,31
8UE,8,304,4.102933,1.1607245,625.65643,0.642280025,0.490181125,0.8703461749999999,29,40,31
8UE,8,305,5.945688,1.0853113,634.0871,0.5040734,0.47132782500000003,0.8793790357142857,28,40,32
8UE,8,306,6.712551,1.1749786,623.18066,0.446558675,0.49374465,0.8676935642857142,27,41,32
8UE,8,307,5.4229093,1.2729815,620.71106,0.5432818025000001,0.518245375,0.8650475642857143,28,41,31
8UE,8,308,5.842061,1.0882115,622.55585,0.511845425,0.47205287500000004,0.8670241249999999,28,40,32
8UE,8,309,5.70829,1.2501056,631.31415,0.52187825,0.5125264,0.876408017857143,28,41,31
8UE,8,310,5.9534793,1.145823,620.9364,0.5034890525,0.48645575,0.865289,28,41,31
8UE,8,311,6.7817564,1.2389749,623.1637,0.44136827,0.5097437250000001,0.8676753928571428,27,41,32
8UE,8,312,6.8346415,1.2952491,612.4398,0.4374018875,0.523812275,0.8561855,27,41,32
8UE,8,313,6.527065,1.217005,607.75336,0.46047012499999995,0.50425125,0.8511643142857144,27,42,31
8UE,8,314,5.7474847,1.4106315,628.95386,0.5189386475,0.552657875,0.8738791357142857,28,41,31
8UE,8,315,5.197056,1.1788968,623.1429,0.5602208,0.4947242,0.8676531071428573,28,41,31
8UE,8,316,4.6980863,1.3505038,598.8405,0.5976435275,0.53762595,0.8416148214285715,29,41,30
8UE,8,317,4.6396422,1.3568875,619.60223,0.602026835,0.539221875,0.863859532142857,29,40,31
8UE,8,318,4.1109476,1.5998212,624.1569,0.6416789300000001,0.5999553,0.8687395357142857,29,41,30
8UE,8,319,4.0695662,1.4210136,619.89856,0.644782535,0.5552534,0.8641770285714285,29,41,30
8UE,8,320,3.9118855,1.6917307,632.7444,0.6566085875000001,0.6229326749999999,0.8779404285714287,29,41,30
8UE,8,321,3.7312381,1.4721045,635.76526,0.6701571424999999,0.568026125,0.8811770642857142,29,41,30
8UE,8,322,3.7509086,1.4535816,584.5801,0.668681855,0.5633954,0.8263358214285714,29,41,30
8UE,8,323,4.2790427,1.5026131,616.4264,0.6290717975,0.5756532750000001,0.860456857142857,29,41,30
8UE,8,324,4.4613338,1.2934539,628.4004,0.6153999649999999,0.523363475,0.8732861428571428,29,40,31
8UE,8,325,4.272972,1.7254539,596.1181,0.6295271,0.6313634750000001,0.8386979642857142,28,42,30
8UE,8,326,4.966614,1.8439293,615.3459,0.57750395,0.660982325,0.8592991785714286,28,42,30
8UE,8,327,4.476242,1.7728543,616.2823,0.61428185,0.6432135750000001,0.8603024642857142,28,42,30
8UE,8,328,4.214705,1.7932327,621.84,0.633897125,0.6483081749999999,0.8662571428571428,28,42,30
8UE,8,329,4.6506243,1.9186743,628.7349,0.6012031775000001,0.679668575,0.8736445357142857,28,42,30
8UE,8,330,4.4527483,1.7375009,626.2629,0.6160438775,0.6343752250000001,0.8709959642857141,28,42,30
8UE,8,331,4.5977297,1.662478,620.87427,0.6051702724999999,0.6156195,0.8652224321428572,28,42,30
8UE,8,332,4.71305,1.6513677,620.3138,0.5965212500000001,0.612841925,0.8646219285714285,28,42,30
8UE,8,333,4.366402,1.4001927,632.144,0.62251985,0.550048175,0.8772971428571428,29,41,30
8UE,8,334,4.1344304,1.8690857,639.9003,0.63991772,0.667271425,0.8856074642857144,28,42,30
8UE,8,335,4.189301,1.8879505,638.74646,0.635802425,0.6719876250000001,0.8843712071428571,28,42,30
8UE,8,336,4.3108153,1.7270004,634.6128,0.6266888525000001,0.6317501000000001,0.8799422857142856,28,42,30
8UE,8,337,3.8914998,1.5352554,620.63416,0.658137515,0.5838138500000001,0.8649651714285713,29,41,30
8UE,8,338,4.033029,1.5454293,629.17194,0.647522825,0.586357325,0.8741127928571428,29,41,30
8UE,8,339,3.9771543,1.6516131,626.7808,0.6517134275,0.6129032750000001,0.8715508571428572,29,41,30
8UE,8,340,4.434166,1.885184,613.8715,0.61743755,0.671296,0.8577194642857142,28,42,30
8UE,8,341,4.302632,2.0912423,630.3356,0.6273026,0.722810575,0.8753595714285713,28,43,29
8UE,8,342,4.1418815,1.8321508,633.0884,0.6393588875,0.6580377,0.878309,28,42,30
8UE,8,343,4.2197022,1.8345184,624.148,0.6335223349999999,0.6586296,0.86873,28,42,30
8UE,8,344,4.2757626,1.7338713,608.1098,0.6293178049999999,0.6334678250000001,0.8515462142857142,28,42,30
8UE,8,345,3.9935737,1.6813354,607.5216,0.6504819725000001,0.62033385,0.850916,29,41,30
8UE,8,346,4.451575,2.1464927,610.9684,0.616131875,0.7366231750000001,0.854609,28,43,29
8UE,8,347,4.421608,2.0751302,611.84283,0.6183794,0.71878255,0.8555458892857144,28,43,29
8UE,8,348,4.588458,1.862651,619.87585,0.60586565,0.6656627500000001,0.8641526964285715,28,42,30
8UE,8,349,5.3445144,1.9737463,626.7865,0.54916142,0.693436575,0.8715569642857144,27,43,30
8UE,8,350,5.3591113,1.4864488,617.4301,0.5480666525,0.5716122,0.86153225,28,41,31
8UE,8,351,4.7119446,1.7024832,619.8124,0.5966041550000001,0.6256208000000001,0.8640847142857142,28,42,30
8UE,8,352,4.406992,2.0000658,617.8409,0.6194756000000001,0.7000164499999999,0.861972392857143,28,43,29
8UE,8,353,4.0744534,2.2268767,622.64655,0.644415995,0.756719175,0.8671213035714287,28,43,29
8UE,8,354,3.7489936,2.1637309,630.0412,0.66882548,0.740932725,0.8750441428571429,28,43,29
8UE,8,355,3.9260988,2.117829,633.07074,0.65554259,0.7294572500000001,0.8782900785714285,28,43,29
8UE,8,356,3.9815326,2.0447404,630.49774,0.651385055,0.7111851,0.8755332928571429,28,43,29
8UE,8,357,4.0847116,1.9612309,632.7829,0.6436466299999999,0.690307725,0.8779816785714285,28,42,30
8UE,8,358,4.6095357,1.9660676,620.2919,0.6042848224999999,0.6915169000000001,0.8645984642857143,28,42,30
8UE,8,359,4.544565,2.0207713,616.7573,0.6091576249999999,0.7051928249999999,0.8608113928571428,28,43,29
8UE,8,360,4.1520414,1.8589054,624.33484,0.638596895,0.66472635,0.8689301857142857,28,42,30
8UE,8,361,4.0272217,1.7343485,619.5219,0.6479583725,0.633587125,0.8637734642857142,29,41,30
8UE,8,362,4.0054617,1.8499444,608.917,0.6495903725000001,0.6624861,0.8524110714285715,28,43,29
8UE,8,363,3.9175828,1.5081738,652.41925,0.6561812899999999,0.5770434499999999,0.8990206249999999,29,41,30
8UE,8,364,3.9557836,1.4354447,641.27704,0.6533162299999999,0.558861175,0.8870825428571429,29,41,30
8UE,8,365,4.2369084,1.5806704,628.69604,0.63223187,0.5951676,0.8736029000000001,29,41,30
8UE,8,366,4.655366,1.6005754,621.32587,0.6008475500000001,0.60014385,0.8657062892857144,28,42,30
8UE,8,367,4.185324,1.7269555,536.0524,0.6361007000000001,0.631738875,0.7743418571428573,29,42,29
8UE,8,368,4.1934457,1.7627214,512.7542,0.6354915725,0.64068035,0.7493795000000001,29,42,29
8UE,8,369,4.1783576,1.5155373,570.58856,0.63662318,0.578884325,0.8113448857142858,29,41,30
8UE,8,370,4.031822,1.5599289,545.40894,0.64761335,0.589982225,0.7843667214285714,29,42,29
8UE,8,371,4.1498675,1.794008,464.5523,0.6387599375,0.648502,0.6977346071428572,29,43,28
8UE,8,372,4.325557,1.7637312,397.73438,0.625583225,0.6409328000000001,0.6261439785714285,29,43,28
8UE,8,373,4.677722,1.9176005,332.6418,0.59917085,0.679400125,0.5564019285714286,29,44,27
8UE,8,374,4.3607326,2.0245223,417.78687,0.622945055,0.706130575,0.6476287892857142,29,43,28
8UE,8,375,4.5845704,1.9415919,469.04062,0.60615722,0.685397975,0.7025435214285713,28,44,28
8UE,8,376,3.8478935,1.5327834,516.4491,0.6614079875000001,0.5831958500000001,0.7533383214285716,29,42,29
8UE,8,377,3.9247723,1.7320123,601.07886,0.6556420775,0.633003075,0.8440130642857142,29,41,30
8UE,8,378,4.717348,1.4304484,578.193,0.5961989000000001,0.5576121,0.8194925,29,41,30
8UE,8,379,5.225947,2.0036886,601.1046,0.558053975,0.70092215,0.844040642857143,27,43,30
8UE,8,380,5.6079826,1.9044751,624.907,0.5294013049999999,0.676118775,0.8695432142857142,27,43,30
8UE,8,381,5.53098,2.085719,618.2776,0.5351764999999999,0.72142975,0.8624402857142857,27,43,30
8UE,8,382,5.7515764,1.9076768,638.0363,0.51863177,0.6769191999999999,0.8836103214285713,27,43,30
8UE,8,383,5.634543,2.0814617,627.0292,0.5274092750000001,0.720365425,0.8718169999999998,27,43,30
8UE,8,384,5.137388,2.0541234,628.9712,0.5646959,0.7135308499999999,0.8738977142857143,27,43,30
8UE,8,385,4.529479,2.1960115,632.1823,0.610289075,0.749002875,0.8773381785714287,28,43,29
8UE,8,386,4.174885,2.2802482,638.5015,0.6368836250000001,0.7700620499999999,0.88410875,28,43,29
8UE,8,387,3.7280529,2.2954195,625.19446,0.6703960325,0.773854875,0.8698512071428572,28,43,29
8UE,8,388,3.977161,1.8281881,616.0105,0.651712925,0.657047025,0.8600112499999999,28,42,30
8UE,8,389,4.2457747,1.8535411,639.3009,0.6315668975,0.663385275,0.88496525,28,42,30
8UE,8,390,4.9791207,1.7988621,634.6672,0.5765659475,0.649715525,0.8800005714285715,28,42,30
8UE,8,391,4.309461,2.0681477,644.865,0.626790425,0.7170369249999999,0.8909267857142857,28,42,30
8UE,8,392,4.93631,1.7817637,647.2485,0.5797767500000001,0.6454409249999999,0.8934805357142859,28,42,30
8UE,8,393,5.365966,1.5626962,617.846,0.54755255,0.5906740500000001,0.8619778571428571,28,42,30
8UE,8,394,5.387905,1.609451,624.0257,0.545907125,0.60236275,0.8685989642857144,28,42,30
8UE,8,395,5.651242,1.4488063,625.86597,0.52615685,0.562201575,0.8705706821428572,28,41,31
8UE,8,396,5.3735166,2.008124,633.6106,0.546986255,0.7020310000000001,0.8788685,27,43,30
8UE,8,397,5.2941127,1.3070977,641.71027,0.5529415475,0.5267744249999999,0.8875467178571428,28,41,31
8UE,8,398,5.1797023,2.0036154,636.5223,0.5615223275000001,0.70090385,0.8819881785714285,27,43,30
8UE,8,399,5.8799386,1.7529125,642.39874,0.5090046050000001,0.6382281250000001,0.8882843642857143,27,43,30
8UE,8,400,6.162954,1.9734256,622.9199,0.48777845,0.6933564000000001,0.8674141785714284,27,43,30
8UE,8,401,5.9516883,1.2912014,625.3002,0.5036233775000001,0.52280035,0.8699645,28,41,31
8UE,8,402,6.4870977,1.3460792,630.7228,0.46346767250000004,0.5365198,0.8757744285714286,27,42,31
8UE,8,403,6.4999604,1.3538468,628.95184,0.46250297,0.5384617,0.8738769714285715,27,42,31
8UE,8,404,6.745376,1.2883683,639.57166,0.44409679999999996,0.522092075,0.88525535,27,41,32
8UE,8,405,6.611074,1.5237519,646.79846,0.45416945000000003,0.5809379750000001,0.89299835,27,42,31
8UE,8,406,6.7069845,1.4604725,626.0368,0.44697616250000005,0.565118125,0.8707537142857142,27,42,31
8UE,8,407,6.44651,1.7151344,633.7501,0.46651175000000006,0.6287836,0.8790179642857143,27,42,31
8UE,8,408,6.8934155,1.2256008,636.1926,0.43299383750000003,0.5064002000000001,0.8816349285714284,27,41,32
8UE,8,409,6.7782416,1.2396102,641.6246,0.44163188,0.5099025500000001,0.8874549285714286,27,41,32
8UE,8,410,6.9566374,1.1855806,635.8278,0.428252195,0.49639515,0.8812440714285714,27,41,32
8UE,8,411,6.627316,1.7452884,618.8114,0.45295129999999995,0.6363221000000001,0.8630122142857144,27,42,31
8UE,8,412,5.996834,1.1584382,591.0323,0.50023745,0.48960955,0.8332488928571429,28,41,31
8UE,8,413,5.8221807,1.9026121,629.42914,0.5133364475000001,0.6756530249999999,0.8743883642857142,27,43,30
8UE,8,414,6.502142,1.5932434,646.19037,0.46233935000000004,0.5983108500000001,0.892346825,27,42,31
8UE,8,415,5.6608253,1.8385493,627.1951,0.5254381025000001,0.659637325,0.87199475,27,43,30
8UE,8,416,7.0111413,1.7598021,638.13135,0.4241644025,0.6399505249999999,0.8837121607142857,26,43,31
8UE,8,417,6.8090773,1.6172887,632.514,0.4393192025,0.6043221750000001,0.8776935714285714,26,43,31
8UE,8,418,7.0672517,1.4787208,629.673,0.41995612250000003,0.5696802000000001,0.8746496428571429,26,43,31
8UE,8,419,7.107245,1.5198836,641.582,0.416956625,0.5799709,0.8874092857142857,26,43,31
8UE,8,420,6.930601,1.6484615,627.7988,0.43020492499999996,0.6121153749999999,0.8726415714285716,26,43,31
8UE,8,421,7.058352,1.466865,620.78436,0.4206236,0.56671625,0.8651261000000001,26,43,31
8UE,8,422,6.6521573,1.9750617,633.5467,0.4510882025,0.693765425,0.8788000357142858,26,44,30
8UE,8,423,6.6045303,1.5375774,600.6085,0.4546602275,0.58439435,0.8435091071428571,27,42,31
8UE,8,424,6.197764,1.5754535,510.72168,0.48516770000000004,0.593863375,0.7472018,27,43,30
8UE,8,425,6.3393955,1.3869027,494.0955,0.4745453375,0.546725675,0.7293880357142857,28,42,30
8UE,8,426,5.6039953,1.5891181,612.405,0.5297003525,0.597279525,0.8561482142857142,28,42,30
8UE,8,427,4.948643,1.2587682,608.7382,0.5788517750000001,0.5146920500000001,0.8522194999999999,29,40,31
8UE,8,428,6.459324,2.0672903,620.8215,0.46555070000000004,0.7168225749999999,0.8651658928571428,26,44,30
8UE,8,429,6.5472803,1.6144831,620.30676,0.4589539775,0.603620775,0.8646143857142858,27,42,31
8UE,8,430,6.1055455,1.4907652,608.0406,0.4920840875,0.5726913,0.8514720714285715,27,42,31
8UE,8,431,5.734358,1.2798126,617.1075,0.5199231499999999,0.5199531500000001,0.8611866071428571,28,41,31
8UE,8,432,5.126692,1.6196979,615.38873,0.5654980999999999,0.604924475,0.8593450678571428,28,42,30
8UE,8,433,4.6960454,1.2123022,608.2036,0.597796595,0.50307555,0.8516467142857143,29,40,31
8UE,8,434,4.298789,1.2431722,595.42145,0.627590825,0.51079305,0.8379515535714286,29,41,30
8UE,8,435,4.0468354,1.1517493,634.7566,0.646487345,0.48793732500000003,0.8800963571428573,29,40,31
8UE,8,436,3.7816093,1.2997056,620.23395,0.6663793025,0.5249264,0.8645363749999999,29,41,30
8UE,8,437,3.5513818,1.548516,618.3848,0.683646365,0.587129,0.862555142857143,29,41,30
8UE,8,438,3.9854648,1.1912947,608.2536,0.65109014,0.497823675,0.8517002857142857,29,41,30
8UE,8,439,4.637569,1.5223844,619.6665,0.602182325,0.5805961,0.8639283928571428,28,42,30
8UE,8,440,4.75429,1.2848041,625.5971,0.5934282500000001,0.521201025,0.8702826071428571,29,40,31
8UE,8,441,4.183026,1.345814,621.8157,0.63627305,0.5364535,0.8662311071428572,29,41,30
8UE,8,442,4.840073,1.3167745,604.48645,0.5869945249999999,0.529193625,0.8476640535714286,29,40,31
8UE,8,443,4.3190303,1.6649297,610.87976,0.6260727275,0.616232425,0.8545140285714286,28,42,30
8UE,8,444,3.9630744,1.762405,561.2189,0.65276942,0.64060125,0.8013059642857143,29,42,29
8UE,8,445,3.9272404,1.6368372,612.0882,0.6554569699999999,0.6092093000000001,0.8558087857142858,29,41,30
8UE,8,446,3.8148124,1.4859214,629.3475,0.66388907,0.5714803500000001,0.8743008928571427,29,41,30
10UE,10,0,3.8925245,2.23999,629.99725,0.7080606625,0.8099975,0.9249970535714286,28,43,29
10UE,10,1,4.395712,2.061181,585.0453,0.6703216000000001,0.76529525,0.87683425,28,43,29
10UE,10,2,4.151958,2.250529,580.1781,0.68860315,0.81263225,0.8716193928571427,28,43,29
10UE,10,3,4.3083773,2.107073,590.0208,0.6768717025,0.77676825,0.8821651428571429,28,43,29
10UE,10,4,4.0130157,2.2902493,551.6518,0.6990238225000001,0.822562325,0.8410555,28,44,28
10UE,10,5,4.4552903,2.0726237,523.3544,0.6658532275,0.768155925,0.8107368571428571,28,43,29
10UE,10,6,4.2446613,2.1164477,541.7496,0.6816504025,0.779111925,0.830446,28,43,29
10UE,10,7,3.8415072,2.1783864,545.83954,0.71188696,0.7945966,0.8348280785714286,28,44,28
10UE,10,8,3.7645776,2.2017987,517.7201,0.71765668,0.800449675,0.8047001071428571,29,43,28
10UE,10,9,4.106955,2.2022467,543.96545,0.691978375,0.800561675,0.832820125,28,44,28
10UE,10,10,5.394114,2.1512842,530.0281,0.59544145,0.78782105,0.81788725,27,44,29
10UE,10,11,5.877565,2.2070773,486.34647,0.559182625,0.801769325,0.7710855035714286,27,45,28
10UE,10,12,5.61835,2.047264,427.30356,0.57862375,0.761816,0.7078252428571429,28,44,28
10UE,10,13,4.86005,2.28925,528.72656,0.63549625,0.8223125,0.8164927428571428,28,44,28
10UE,10,14,4.3613634,2.1937125,525.1712,0.672897745,0.798428125,0.8126834285714285,28,44,28
10UE,10,15,4.5177436,2.0534182,581.8374,0.6611692299999999,0.76335455,0.8733972142857143,28,43,29
10UE,10,16,4.9230194,2.1864893,593.48175,0.6307735449999999,0.796622325,0.8858733035714286,28,43,29
10UE,10,17,4.1847963,2.3051035,601.1292,0.6861402775000001,0.826275875,0.894067,28,43,29
10UE,10,18,4.709561,2.318858,614.66296,0.646782925,0.8297145,0.9085674571428571,28,43,29
10UE,10,19,5.744943,2.1655588,604.46674,0.569129275,0.7913897,0.8976429357142857,27,44,29
10UE,10,20,5.9277043,2.2001345,618.3744,0.5554221774999999,0.800033625,0.912544,27,44,29
10UE,10,21,5.7770634,2.2542264,652.34125,0.566720245,0.8135566,0.9489370535714285,27,43,30
10UE,10,22,6.316054,2.3026361,649.90643,0.52629595,0.825659025,0.9463283178571429,26,44,30
10UE,10,23,6.3374143,2.3012977,653.5416,0.5246939275,0.825324425,0.9502231428571429,26,44,30
10UE,10,24,5.8136497,2.132639,602.283,0.5639762725,0.78315975,0.8953032142857142,27,44,29
10UE,10,25,5.929326,2.1787937,630.40027,0.5553005500000001,0.794698425,0.9254288607142857,27,43,30
10UE,10,26,6.3989472,2.1072574,542.6443,0.52007896,0.77681435,0.8314046071428572,27,44,29
10UE,10,27,6.789251,2.2723594,580.59393,0.49080617499999996,0.81808985,0.872064925,26,45,29
10UE,10,28,7.411932,2.0951376,611.1538,0.44410510000000003,0.7737844,0.9048076428571429,26,44,30
10UE,10,29,7.70125,2.3011653,574.8978,0.42240625000000004,0.825291325,0.8659619285714286,25,45,30
10UE,10,30,7.3607697,2.084046,575.74896,0.44794227250000007,0.7710115,0.8668738857142857,26,44,30
10UE,10,31,6.8082504,2.149135,600.8222,0.48938122,0.78728375,0.8937380714285713,26,44,30
10UE,10,32,6.3360667,2.0794075,497.01743,0.5247949974999999,0.769851875,0.7825186749999999,27,44,29
10UE,10,33,6.136434,2.1439667,597.9371,0.5397674499999999,0.785991675,0.8906468928571429,27,44,29
10UE,10,34,6.030806,1.9864774,539.6604,0.5476895500000001,0.74661935,0.8282075714285714,27,44,29
10UE,10,35,6.036794,2.200159,504.9749,0.5472404499999999,0.80003975,0.7910445357142857,27,44,29
10UE,10,36,6.8144107,2.0915363,626.971,0.4889191975,0.772884075,0.9217546428571428,26,44,30
10UE,10,37,7.633007,2.2083764,532.4212,0.42752447499999996,0.8020941,0.8204512857142857,26,45,29
10UE,10,38,7.3215833,2.260933,528.3351,0.45088125249999994,0.81523325,0.8160733214285714,26,45,29
10UE,10,39,6.8645606,2.2564187,582.3575,0.485157955,0.814104675,0.8739544642857142,26,45,29
10UE,10,40,7.1313043,2.033278,639.6697,0.46515217750000004,0.7583195,0.9353603928571429,26,44,30
10UE,10,41,6.9170446,2.2570724,619.8983,0.481221655,0.8142681,0.91417675,26,44,30
10UE,10,42,6.6383214,2.085485,553.18243,0.502125895,0.77137125,0.8426954607142857,27,44,29
10UE,10,43,6.1666374,2.3089023,551.19354,0.537502195,0.827225575,0.8405645071428571,27,44,29
10UE,10,44,6.458181,2.051964,544.58966,0.5156364250000001,0.762991,0.8334889214285713,27,44,29
10UE,10,45,6.3347006,2.0165918,455.33093,0.5248974550000001,0.75414795,0.7378545678571429,27,44,29
10UE,10,46,5.9761786,1.9973787,527.7928,0.551786605,0.749344675,0.8154922857142858,27,44,29
10UE,10,47,5.64664,1.8925208,557.23114,0.5765020000000001,0.7231302000000001,0.8470333642857142,27,44,29
10UE,10,48,5.0574164,2.0757024,493.554,0.62069377,0.7689256,0.7788078571428572,28,44,28
10UE,10,49,5.6425877,2.0554397,382.71216,0.5768059225,0.763859925,0.6600487428571429,28,44,28
10UE,10,50,5.460865,2.2162886,526.2959,0.590435125,0.80407215,0.8138884642857143,27,44,29
10UE,10,51,5.807712,2.1568482,442.12964,0.5644216,0.78921205,0.7237103285714286,27,45,28
10UE,10,52,5.425536,2.2388659,459.01666,0.5930848,0.809716475,0.7418035642857143,28,44,28
10UE,10,53,5.770864,2.3149543,473.89383,0.5671852,0.828738575,0.7577433892857143,27,45,28
10UE,10,54,5.9596176,2.3678095,443.524,0.5530286799999999,0.841952375,0.7252042857142857,27,45,28
10UE,10,55,5.785959,2.3798883,476.73257,0.5660530749999999,0.844972075,0.7607848964285714,27,45,28
10UE,10,56,5.3944736,2.2497733,455.55746,0.59541448,0.812443325,0.7380972785714286,28,44,28
10UE,10,57,5.3191023,2.2444904,353.58365,0.6010673275,0.8111226,0.6288396249999999,28,45,27
10UE,10,58,6.4093833,2.2343853,383.6817,0.5192962525,0.808596325,0.6610875357142857,27,45,28
10UE,10,59,5.902234,2.309566,388.86063,0.5573324500000001,0.8273915,0.6666363892857143,27,46,27
10UE,10,60,6.230888,2.198526,491.42004,0.5326834,0.7996315,0.7765214714285714,27,44,29
10UE,10,61,5.5794616,2.187171,550.9622,0.5815403800000001,0.79679275,0.8403166428571429,27,44,29
10UE,10,62,5.310523,2.2045724,566.9352,0.6017107749999999,0.8011431,0.8574305714285715,27,44,29
10UE,10,63,5.747481,2.2778847,552.90424,0.568938925,0.819471175,0.8423974,27,44,29
10UE,10,64,6.6154923,2.2436552,561.1427,0.5038380775,0.8109138,0.8512243214285714,26,45,29
10UE,10,65,6.5192327,2.2416236,573.4736,0.5110575475000001,0.8104059,0.8644360000000001,26,45,29
10UE,10,66,6.1476316,2.2234175,567.881,0.5389276299999999,0.805854375,0.8584439285714285,27,44,29
10UE,10,67,6.211915,2.3377757,562.73553,0.534106375,0.834443925,0.852930925,27,44,29
10UE,10,68,6.338586,2.279491,543.4426,0.5246060499999999,0.81987275,0.8322599285714286,27,44,29
10UE,10,69,6.076839,2.2404852,460.97665,0.5442370750000001,0.8101213,0.7439035535714286,27,45,28
10UE,10,70,5.69632,2.285376,490.8471,0.572776,0.821344,0.7759076071428572,27,45,28
10UE,10,71,6.4308696,2.3067653,452.95526,0.51768478,0.826691325,0.7353092071428571,27,45,28
10UE,10,72,6.9131737,2.3051033,465.26093,0.48151197250000005,0.826275825,0.7484938535714285,26,46,28
10UE,10,73,7.3980346,2.331343,525.82935,0.44514740500000005,0.83283575,0.8133885892857142,26,45,29
10UE,10,74,7.226796,2.3372235,560.7662,0.4579903,0.834305875,0.8508209285714285,26,45,29
10UE,10,75,6.915569,2.2559283,621.19763,0.48133232500000006,0.813982075,0.9155688892857143,26,44,30
10UE,10,76,6.6641207,2.275204,641.21545,0.5001909474999999,0.818801,0.9370165535714287,26,44,30
10UE,10,77,6.5281987,2.3467865,628.79175,0.5103850975,0.836696625,0.9237054464285714,26,44,30
10UE,10,78,6.1430874,2.3901916,625.7615,0.539268445,0.8475479,0.92045875,26,45,29
10UE,10,79,5.5798383,2.3066792,580.18396,0.5815121275,0.8266698,0.8716256714285714,27,44,29
10UE,10,80,4.9126945,2.160203,579.0169,0.6315479125,0.79005075,0.8703752499999999,28,43,29
10UE,10,81,4.367838,2.304363,579.17664,0.67241215,0.82609075,0.8705464,28,43,29
10UE,10,82,4.1254964,2.2254806,608.38995,0.6905877699999999,0.80637015,0.901846375,28,43,29
10UE,10,83,4.251969,2.123963,584.1889,0.681102325,0.78099075,0.8759166785714285,28,43,29
10UE,10,84,4.9036555,2.1296844,518.31836,0.6322258374999999,0.7824211,0.8053410999999999,28,43,29
10UE,10,85,4.8608723,2.078341,523.97833,0.6354345775,0.76958525,0.8114053535714286,28,43,29
10UE,10,86,4.651382,2.1344855,509.11993,0.6511463500000001,0.783621375,0.7954856392857144,28,44,28
10UE,10,87,4.9680643,2.192086,578.11615,0.6273951775,0.7980215,0.8694101607142857,28,43,29
10UE,10,88,5.153922,2.1855037,621.80743,0.61345585,0.796375925,0.9162222464285714,27,44,29
10UE,10,89,5.724164,2.22931,597.1308,0.5706876999999999,0.8073275,0.889783,27,44,29
10UE,10,90,5.160283,2.190026,633.4118,0.612978775,0.7975065,0.9286555,27,44,29
10UE,10,91,5.147107,2.2345812,644.1668,0.6139669750000001,0.8086453,0.9401787142857143,27,44,29
10UE,10,92,4.503738,2.2308412,636.8128,0.6622196499999999,0.8077103,0.9322994285714286,28,43,29
10UE,10,93,4.1839695,2.2593884,633.3159,0.6862022875,0.8148471,0.9285527500000001,28,43,29
10UE,10,94,4.110703,2.1457477,582.4145,0.691697275,0.786436925,0.8740155357142857,28,43,29
10UE,10,95,4.326374,2.1348839,615.9304,0.6755219499999999,0.783720975,0.9099254285714286,28,43,29
10UE,10,96,4.518583,2.170354,639.8001,0.6611062750000001,0.7925885,0.9355001071428573,28,43,29
10UE,10,97,4.2544155,2.1593578,632.0996,0.6809188374999999,0.78983945,0.9272495714285715,28,43,29
10UE,10,98,4.165173,2.1901283,613.3611,0.687612025,0.797532075,0.9071726071428572,28,43,29
10UE,10,99,3.9829931,2.2220254,617.3731,0.7012755175000001,0.80550635,0.9114711785714286,28,43,29
10UE,10,100,4.630301,2.208842,613.868,0.652727425,0.8022105,0.9077157142857144,28,43,29
10UE,10,101,4.0185213,2.1611364,596.5014,0.6986109025,0.7902841,0.8891086428571429,28,43,29
10UE,10,102,4.9355173,2.2432504,588.54004,0.6298362025,0.8108126,0.8805786142857143,28,43,29
10UE,10,103,5.0356402,2.2424998,611.389,0.6223269849999999,0.81062495,0.9050596428571428,27,44,29
10UE,10,104,4.7357244,2.3086674,617.16626,0.64482067,0.82716685,0.9112495642857142,28,43,29
10UE,10,105,5.0608726,2.2408628,625.55774,0.6204345550000001,0.8102157,0.9202404357142857,27,44,29
10UE,10,106,4.629873,2.3031118,635.0937,0.652759525,0.82577795,0.9304575357142857,28,43,29
10UE,10,107,5.2785106,2.2892413,624.3427,0.604111705,0.822310325,0.9189386071428571,27,44,29
10UE,10,108,5.348873,2.3883693,622.02844,0.598834525,0.847092325,0.9164590428571429,27,44,29
10UE,10,109,5.5392356,2.3667035,619.3175,0.58455733,0.841675875,0.9135544642857143,27,44,29
10UE,10,110,5.5135865,2.2978497,622.1127,0.5864810125000001,0.824462425,0.9165493214285715,27,44,29
10UE,10,111,5.9846015,2.223181,608.17334,0.5511548875000001,0.80579525,0.9016142928571429,27,44,29
10UE,10,112,5.332492,2.152262,630.5987,0.6000631000000001,0.7880655,0.9256414642857143,27,44,29
10UE,10,113,5.79801,2.1035395,628.45184,0.5651492499999999,0.775884875,0.9233412571428571,27,43,30
10UE,10,114,6.234039,2.172675,589.80194,0.532447075,0.79316875,0.8819306499999999,27,44,29
10UE,10,115,6.9890447,2.2067187,619.35114,0.4758216475,0.801679675,0.9135905071428572,26,44,30
10UE,10,116,7.38904,2.278351,588.63403,0.445822,0.81958775,0.8806793178571429,26,44,30
10UE,10,117,7.5494013,2.277233,587.3057,0.43379490249999997,0.81930825,0.8792561071428572,26,44,30
10UE,10,118,7.091316,2.3243718,625.0061,0.46815130000000005,0.83109295,0.9196493928571428,26,44,30
10UE,10,119,7.2857533,2.3195448,616.9247,0.4535685025,0.8298862,0.9109907500000001,26,44,30
10UE,10,120,7.2465677,2.2343214,620.0142,0.45650742250000004,0.80858035,0.9143009285714285,26,44,30
10UE,10,121,7.3427687,2.2061563,617.3393,0.4492923475,0.801539075,0.9114349642857142,26,44,30
10UE,10,122,7.6077065,2.247924,612.14465,0.4294220125,0.811981,0.9058692678571428,26,44,30
10UE,10,123,7.313563,2.2712622,618.6161,0.45148277499999995,0.81781555,0.9128029642857143,26,44,30
10UE,10,124,7.02659,2.3034768,609.37274,0.47300575000000006,0.8258692,0.9028993642857144,26,44,30
10UE,10,125,7.171124,2.324161,608.9377,0.4621657,0.83104025,0.9024332499999999,26,44,30
10UE,10,126,6.96073,2.2894027,612.39136,0.47794525000000004,0.822350675,0.9061336,26,44,30
10UE,10,127,6.6387734,2.3440359,611.8762,0.502091995,0.836008975,0.9055816428571429,26,45,29
10UE,10,128,6.467952,2.2778995,578.20233,0.5149036,0.819474875,0.8695024964285714,26,45,29
10UE,10,129,6.480021,2.2733681,605.87146,0.513998425,0.818342025,0.8991479928571428,26,45,29
10UE,10,130,6.4480796,2.3389034,618.0702,0.5163940300000001,0.83472585,0.9122180714285715,26,45,29
10UE,10,131,6.110006,2.318886,619.13354,0.54174955,0.8297215,0.9133573642857142,27,44,29
10UE,10,132,5.765451,2.2617457,614.3266,0.567591175,0.815436425,0.9082070714285714,27,44,29
10UE,10,133,5.425996,2.3071654,634.115,0.5930503,0.82679135,0.9294089285714285,27,44,29
10UE,10,134,4.7309046,2.2590463,593.55524,0.645182155,0.814761575,0.8859520428571428,28,43,29
10UE,10,135,5.480907,2.2132857,580.89075,0.5889319749999999,0.803321425,0.8723829464285715,27,44,29
10UE,10,136,5.489853,2.2353632,610.81055,0.588261025,0.8088408,0.904439875,27,44,29
10UE,10,137,5.643648,2.1919644,616.3003,0.5767264,0.7979911,0.91032175,27,44,29
10UE,10,138,5.1872106,2.138212,612.33844,0.6109592049999999,0.784553,0.9060769,27,44,29
10UE,10,139,4.7841496,2.2136693,614.8875,0.64118878,0.803417325,0.9088080357142858,28,43,29
10UE,10,140,4.9114747,2.0779357,626.21936,0.6316393975,0.769483925,0.9209493142857144,28,43,29
10UE,10,141,4.645136,2.2015703,612.4122,0.6516148,0.800392575,0.9061559285714286,28,43,29
10UE,10,142,5.487427,2.1123526,612.3033,0.588442975,0.77808815,0.9060392500000001,27,44,29
10UE,10,143,6.30394,2.3064382,612.00305,0.5272045,0.82660955,0.9057175535714286,26,45,29
10UE,10,144,5.4086566,2.1362655,613.39655,0.594350755,0.784066375,0.9072105892857143,27,44,29
10UE,10,145,5.1677775,2.1574295,591.33466,0.6124166875000001,0.789357375,0.88357285,27,44,29
10UE,10,146,6.3573136,2.0870383,605.827,0.52320148,0.771759575,0.8991003571428572,27,43,30
10UE,10,147,6.258343,2.1242714,618.4592,0.5306242750000001,0.78106785,0.9126348571428572,27,43,30
10UE,10,148,6.3279552,2.1724873,616.8727,0.5254033600000001,0.793121825,0.9109350357142858,27,43,30
10UE,10,149,6.096322,2.1730316,619.39923,0.5427758500000001,0.7932579,0.9136420321428571,27,43,30
10UE,10,150,6.0999565,2.164912,609.9428,0.5425032625,0.791228,0.9035101428571429,27,43,30
10UE,10,151,5.574801,2.0339868,617.8431,0.581889925,0.7584967,0.9119747500000001,27,43,30
10UE,10,152,5.205874,2.0714533,625.4413,0.6095594500000001,0.767863325,0.9201156785714285,27,43,30
10UE,10,153,4.8546557,1.9525869,617.56244,0.6359008225,0.738146725,0.9116740428571429,28,42,30
10UE,10,154,4.7808614,2.0766363,617.0129,0.641435395,0.769159075,0.91108525,28,43,29
10UE,10,155,5.1247387,2.171995,612.5738,0.6156445975,0.79299875,0.9063290714285714,27,44,29
10UE,10,156,5.3454146,2.1970687,595.0962,0.5990939049999999,0.799267175,0.8876030714285714,27,44,29
10UE,10,157,4.831252,2.2378683,612.6642,0.6376561,0.809467075,0.9064259285714287,28,43,29
10UE,10,158,4.638024,2.1828191,616.9302,0.6521482000000001,0.795704775,0.9109966428571429,28,43,29
10UE,10,159,4.6671896,2.2685053,611.55457,0.64996078,0.817126325,0.9052370392857143,28,43,29
10UE,10,160,4.486365,2.2584653,610.64514,0.663522625,0.814616325,0.90426265,28,43,29
10UE,10,161,4.8594885,2.2553868,606.0938,0.6355383625,0.8138467,0.8993862142857143,28,43,29
10UE,10,162,4.9530106,2.3168888,609.6825,0.6285242050000001,0.8292222,0.90323125,27,44,29
10UE,10,163,5.679447,2.2318935,607.7368,0.574041475,0.807973375,0.9011465714285715,27,44,29
10UE,10,164,5.5641036,2.1963456,613.418,0.58269223,0.7990864,0.9072335714285715,27,44,29
10UE,10,165,5.3013406,2.2398803,611.56464,0.602399455,0.809970075,0.9052478285714287,27,44,29
10UE,10,166,4.7832685,2.2661498,603.09155,0.6412548625000001,0.81653745,0.8961695178571428,28,43,29
10UE,10,167,5.2038274,2.2628057,603.09937,0.6097129450000001,0.815701425,0.8961778964285714,27,44,29
10UE,10,168,4.9073954,2.225665,625.3002,0.6319453449999999,0.80641625,0.9199645000000001,27,44,29
10UE,10,169,5.444071,2.288189,616.10095,0.591694675,0.82204725,0.9101081607142858,27,44,29
10UE,10,170,4.908334,2.2776058,616.12335,0.63187495,0.81940145,0.9101321607142857,27,44,29
10UE,10,171,4.5566726,2.2842834,621.8364,0.658249555,0.82107085,0.9162532857142858,28,43,29
10UE,10,172,4.2407737,2.3570385,614.8388,0.6819419725,0.839259625,0.9087558571428571,28,43,29
10UE,10,173,4.264676,2.282069,615.9749,0.6801493000000001,0.82051725,0.9099731071428572,28,43,29
10UE,10,174,3.8016846,2.1872673,616.0559,0.714873655,0.796816825,0.9100598928571428,28,43,29
10UE,10,175,3.3364115,2.2065728,602.2138,0.7497691375,0.8016432,0.8952290714285714,29,42,29
10UE,10,176,3.7128613,2.2142031,589.8224,0.7215354025,0.803550775,0.8819525714285714,28,43,29
10UE,10,177,4.3116617,2.2003553,564.9607,0.6766253725,0.800088825,0.8553150357142857,28,43,29
10UE,10,178,4.3117704,2.141554,585.4748,0.67661722,0.7853885,0.8772944285714286,28,43,29
10UE,10,179,4.008993,2.1257002,625.13416,0.6993255249999999,0.78142505,0.9197866,28,43,29
10UE,10,180,3.6667528,2.071363,625.04956,0.72499354,0.76784075,0.9196959571428572,28,43,29
10UE,10,181,3.7680209,2.1147993,620.53217,0.7173984325,0.778699825,0.9148558964285713,28,43,29
10UE,10,182,3.7675455,2.1937845,618.92004,0.7174340875,0.798446125,0.9131286142857142,28,43,29
10UE,10,183,3.6192825,2.08884,624.68414,0.7285538125,0.77221,0.9193044357142857,28,43,29
10UE,10,184,3.738427,2.1039157,610.78766,0.719617975,0.775978925,0.90441535,28,43,29
10UE,10,185,4.023943,2.1978428,609.63104,0.698204275,0.7994607,0.9031761142857143,28,43,29
10UE,10,186,4.358288,2.0490294,607.9813,0.6731284,0.76225735,0.9014085357142858,28,43,29
10UE,10,187,4.18306,2.2239347,607.9548,0.6862705,0.805983675,0.9013801428571429,28,43,29
10UE,10,188,3.7722828,2.1567185,608.1985,0.71707879,0.789179625,0.90164125,28,43,29
10UE,10,189,3.8120186,2.1750479,619.0389,0.714098605,0.793761975,0.9132559642857143,28,43,29
10UE,10,190,5.683383,2.115742,622.30634,0.573746275,0.7789355,0.9167567928571428,27,43,30
10UE,10,191,5.291873,2.2403846,598.7437,0.603109525,0.81009615,0.8915111071428572,27,44,29
10UE,10,192,4.117159,2.0441642,612.1819,0.691213075,0.76104105,0.9059091785714286,28,43,29
10UE,10,193,4.502826,2.1314917,621.2932,0.66228805,0.782872925,0.9156712857142857,28,43,29
10UE,10,194,4.731497,2.1664076,625.5664,0.645137725,0.7916019,0.9202497142857143,28,43,29
10UE,10,195,4.0093217,2.0430071,622.5111,0.6993008725,0.760751775,0.9169761785714285,28,43,29
10UE,10,196,3.795327,2.24234,623.9884,0.715350475,0.810585,0.918559,28,43,29
10UE,10,197,3.9992418,2.0731716,618.9244,0.7000568650000001,0.7682929,0.9131332857142856,28,43,29
10UE,10,198,3.8289769,2.112149,605.8055,0.7128267325000001,0.77803725,0.8990773214285714,28,43,29
10UE,10,199,4.1561785,2.161208,617.08435,0.6882866125,0.790302,0.9111618035714286,28,43,29
10UE,10,200,4.0162396,2.1953833,619.0166,0.69878203,0.798845825,0.9132320714285714,28,43,29
10UE,10,201,4.1542153,2.248001,598.5024,0.6884338525,0.81200025,0.8912525714285714,28,43,29
10UE,10,202,4.1118207,2.2377336,610.3234,0.6916134475,0.8094334,0.9039179285714285,28,43,29
10UE,10,203,4.1089535,2.3020267,576.80133,0.6918284875,0.825506675,0.8680014250000001,28,43,29
10UE,10,204,4.397095,2.2047632,583.3488,0.6702178750000001,0.8011908,0.8750165714285714,28,43,29
10UE,10,205,3.9536378,2.2444758,618.25397,0.703477165,0.81111895,0.9124149678571429,28,43,29
10UE,10,206,4.0514092,2.3738542,628.3074,0.69614431,0.84346355,0.9231865,28,43,29
10UE,10,207,4.6125154,2.3277364,627.4815,0.654061345,0.8319341,0.9223016071428571,28,43,29
10UE,10,208,5.153989,2.2953205,625.0549,0.613450825,0.823830125,0.9197016785714285,27,44,29
10UE,10,209,5.200926,2.1839364,625.88574,0.60993055,0.7959841,0.9205918642857143,27,44,29
10UE,10,210,4.6769547,1.6710972,616.162,0.6492283974999999,0.6677743,0.9101735714285715,28,42,30
10UE,10,211,4.391299,1.8541219,600.1402,0.6706525750000001,0.713530475,0.8930073571428572,28,43,29
10UE,10,212,4.9562902,1.7403468,591.1786,0.628278235,0.6850866999999999,0.8834056428571428,28,42,30
10UE,10,213,4.383768,2.0933218,613.53265,0.6712174,0.77333045,0.9073564107142857,28,43,29
10UE,10,214,4.2649846,1.6007295,614.9739,0.680126155,0.650182375,0.9089006071428571,29,41,30
10UE,10,215,4.010442,2.1097996,621.12787,0.69921685,0.7774499,0.9154941464285715,28,43,29
10UE,10,216,4.105801,1.673094,618.1087,0.6920649249999999,0.6682735,0.9122593214285715,29,41,30
10UE,10,217,4.064185,2.1321921,626.46326,0.695186125,0.783048025,0.9212106357142857,28,43,29
10UE,10,218,4.1901703,1.9003567,616.25586,0.6857372275,0.725089175,0.9102741357142857,28,43,29
10UE,10,219,4.1275244,2.233822,610.2812,0.6904356700000001,0.8084555,0.9038727142857144,28,43,29
10UE,10,220,4.110519,2.080133,575.5651,0.691711075,0.77003325,0.8666768928571429,28,43,29
10UE,10,221,4.0730925,2.0972815,596.76117,0.6945180625,0.774320375,0.8893869678571429,28,43,29
10UE,10,222,4.0288577,2.0887463,612.59296,0.6978356725000001,0.772186575,0.9063496,28,43,29
10UE,10,223,4.2282877,2.1281068,623.6768,0.6828784225,0.7820267,0.9182251428571429,28,43,29
10UE,10,224,4.0386124,2.0975904,617.0277,0.69710407,0.7743976,0.9111011071428571,28,43,29
10UE,10,225,4.181082,2.1112084,589.77844,0.6864188499999999,0.7778021,0.8819054714285715,28,43,29
10UE,10,226,4.1203074,2.1584609,605.04376,0.6909769450000001,0.789615225,0.8982611714285714,28,43,29
10UE,10,227,4.81517,2.2517338,627.3829,0.6388622500000001,0.81293345,0.9221959642857143,27,44,29
10UE,10,228,5.1848025,2.1809342,622.92267,0.6111398125,0.79523355,0.9174171464285715,27,44,29
10UE,10,229,4.647369,2.2475648,628.3562,0.651447325,0.8118912,0.9232387857142856,28,43,29
10UE,10,230,4.4219537,2.1921635,628.95135,0.6683534725,0.798040875,0.9238764464285715,28,43,29
10UE,10,231,4.234809,2.308091,616.3438,0.6823893249999999,0.82702275,0.9103683571428571,28,43,29
10UE,10,232,4.2304564,2.2030692,616.86035,0.6827157699999999,0.8007673,0.9109218035714286,28,43,29
10UE,10,233,3.9997709,2.1648374,568.1352,0.7000171825,0.79120935,0.8587162857142858,28,43,29
10UE,10,234,4.466002,2.00315,607.00885,0.6650498499999999,0.7507875,0.9003666250000001,28,43,29
10UE,10,235,4.2639246,2.002345,586.5695,0.680205655,0.75058625,0.8784673214285714,28,43,29
10UE,10,236,4.786198,2.1059656,616.1693,0.64103515,0.7764914,0.910181392857143,28,43,29
10UE,10,237,4.929561,2.0293758,618.58594,0.6302829249999999,0.75734395,0.9127706500000001,28,43,29
10UE,10,238,4.618769,2.123383,618.32697,0.653592325,0.78084575,0.9124931821428571,28,43,29
10UE,10,239,4.4169145,2.1158319,617.00977,0.6687314125,0.778957975,0.9110818964285714,28,43,29
10UE,10,240,5.0434856,1.8740427,617.9128,0.6217385799999999,0.718510675,0.9120494285714285,28,42,30
10UE,10,241,5.626596,1.7495527,619.0951,0.5780052999999999,0.687388175,0.9133161785714285,27,43,30
10UE,10,242,6.601805,1.9202878,620.93463,0.5048646250000001,0.73007195,0.9152871035714285,27,43,30
10UE,10,243,6.8845315,1.8987712,628.92145,0.48366013750000003,0.7246928,0.9238444107142858,26,44,30
10UE,10,244,6.9554563,1.8392384,625.22687,0.4783407775,0.7098096,0.9198859321428572,26,44,30
10UE,10,245,7.4799266,1.8918856,629.9161,0.439005505,0.7229714,0.9249101071428572,26,43,31
10UE,10,246,7.4289107,1.7617273,605.3334,0.4428316975,0.690431825,0.8985715000000001,26,43,31
10UE,10,247,7.2712255,2.032431,608.2232,0.4546580875,0.75810775,0.9016677142857144,26,44,30
10UE,10,248,7.1349072,2.1062758,616.807,0.46488196,0.77656895,0.9108646428571429,26,44,30
10UE,10,249,6.853457,2.1648922,614.6836,0.48599072500000007,0.79122305,0.9085895714285714,26,44,30
10UE,10,250,6.5052204,2.1424239,627.8304,0.51210847,0.785605975,0.9226754285714286,26,44,30
10UE,10,251,6.15204,2.266393,621.46704,0.538597,0.81659825,0.9158575428571428,27,44,29
10UE,10,252,5.6399612,2.173654,612.7622,0.57700291,0.7934135,0.9065309285714286,27,44,29
10UE,10,253,4.8586736,2.2129931,617.69635,0.63559948,0.803248275,0.9118175178571429,28,43,29
10UE,10,254,4.2277346,1.9561168,620.1343,0.6829199050000001,0.7390291999999999,0.9144296071428573,28,43,29
10UE,10,255,4.591786,2.142892,627.82947,0.65561605,0.785723,0.9226744321428572,28,43,29
10UE,10,256,3.9537616,1.8864509,624.9925,0.70346788,0.721612725,0.9196348214285713,28,43,29
10UE,10,257,3.702782,2.0154164,621.12897,0.72229135,0.7538541,0.915495325,28,43,29
10UE,10,258,4.8501315,1.9204013,618.1783,0.6362401375,0.730100325,0.912333892857143,28,42,30
10UE,10,259,4.3197536,1.9748371,595.89624,0.67601848,0.7437092750000001,0.8884602571428573,28,43,29
10UE,10,260,4.21455,1.9979395,609.7653,0.68390875,0.749484875,0.9033199642857144,28,43,29
10UE,10,261,4.255965,2.0866354,614.7984,0.6808026250000001,0.77165885,0.9087125714285714,28,43,29
10UE,10,262,4.390833,2.1544538,616.5917,0.6706875250000001,0.78861345,0.9106339642857142,28,43,29
10UE,10,263,4.073258,2.1749837,605.2693,0.69450565,0.793745925,0.8985028214285715,28,43,29
10UE,10,264,4.1955767,2.2431493,587.06146,0.6853317475,0.810787325,0.8789944214285714,28,43,29
10UE,10,265,4.159299,2.1669602,587.61475,0.688052575,0.79174005,0.8795872321428572,28,43,29
10UE,10,266,4.025561,2.2782736,597.3155,0.698082925,0.8195684,0.8899808928571429,28,43,29
10UE,10,267,4.0894027,2.0931592,597.1037,0.6932947975,0.7732898,0.8897539642857143,28,43,29
10UE,10,268,4.158857,2.1688745,637.62933,0.688085725,0.792218625,0.9331742821428571,28,43,29
10UE,10,269,4.615891,1.9711161,645.91693,0.653808175,0.7427790249999999,0.9420538535714285,28,42,30
10UE,10,270,4.183014,1.9644145,647.82745,0.6862739499999999,0.7411036249999999,0.9441008392857142,28,42,30
10UE,10,271,4.28807,1.6737629,640.9896,0.6783947499999999,0.668440725,0.9367745714285715,28,42,30
10UE,10,272,3.8017163,1.8359635,630.91595,0.7148712775,0.708990875,0.925981375,29,42,29
10UE,10,273,4.1539197,1.3421333,604.1807,0.6884560224999999,0.585533325,0.8973364642857143,29,41,30
10UE,10,274,4.192954,1.6583436,616.0349,0.6855284500000001,0.6645859,0.9100373928571428,29,41,30
10UE,10,275,3.9786692,1.5649624,620.14404,0.70159981,0.6412405999999999,0.9144400428571429,29,41,30
10UE,10,276,4.197113,1.3093768,615.95276,0.685216525,0.5773442,0.9099493857142857,29,41,30
10UE,10,277,4.300412,1.3841591,617.39844,0.6774690999999999,0.5960397749999999,0.9114983285714287,29,41,30
10UE,10,278,3.981797,1.611476,624.06134,0.701365225,0.652869,0.91863715,29,41,30
10UE,10,279,4.178718,1.4518399,617.2189,0.68659615,0.612959975,0.9113059642857142,29,41,30
10UE,10,280,4.0955153,1.751538,639.61115,0.6928363525,0.6878845,0.9352976607142857,28,42,30
10UE,10,281,4.6590724,1.7814428,660.5097,0.6505695699999999,0.6953607,0.9576889642857143,28,42,30
10UE,10,282,4.255265,1.7864527,657.4043,0.6808551250000001,0.696613175,0.95436175,28,42,30
10UE,10,283,4.5646334,1.839664,627.24744,0.657652495,0.709916,0.9220508285714286,28,42,30
10UE,10,284,3.9649012,1.9544024,642.2497,0.7026324100000001,0.7386006,0.9381246785714286,28,43,29
10UE,10,285,4.133143,1.997102,658.2081,0.690014275,0.7492755,0.9552229642857142,28,42,30
10UE,10,286,3.894569,2.126434,646.1168,0.707907325,0.7816085,0.9422680000000001,28,43,29
10UE,10,287,4.073237,2.1384087,638.6435,0.6945072250000001,0.784602175,0.9342608928571429,28,43,29
10UE,10,288,4.0352383,2.1293077,633.5011,0.6973571275000001,0.782326925,0.9287511785714285,28,43,29
10UE,10,289,5.8662004,2.0129697,599.0852,0.56003497,0.753242425,0.8918769999999999,27,43,30
10UE,10,290,5.403204,2.1309462,551.37366,0.5947597,0.78273655,0.8407574928571429,27,44,29
10UE,10,291,5.189882,2.1804714,605.57947,0.61075885,0.79511785,0.8988351464285715,27,44,29
10UE,10,292,5.4503913,2.2576854,609.69806,0.5912206525000001,0.81442135,0.9032479214285716,27,44,29
10UE,10,293,5.4020605,2.073139,595.04816,0.5948454625,0.76828475,0.8875516000000001,27,44,29
10UE,10,294,4.8030963,2.048631,615.75415,0.6397677774999999,0.76215775,0.9097365892857143,28,43,29
10UE,10,295,4.330599,2.2822297,646.4937,0.6752050749999999,0.820557425,0.9426718214285714,28,43,29
10UE,10,296,3.6145322,2.3365202,630.59534,0.728910085,0.83413005,0.9256378642857142,28,43,29
10UE,10,297,4.6877837,2.645205,639.0245,0.6484162225,0.91130125,0.9346691071428571,27,44,29
10UE,10,298,4.0051727,2.6504405,611.1918,0.6996120475,0.912610125,0.904848357142857,28,44,28
10UE,10,299,4.0338492,2.2497165,576.8747,0.69746131,0.812429125,0.8680800357142857,28,43,29
10UE,10,300,4.1309123,2.0176063,594.681,0.6901815775,0.754401575,0.8871582142857143,28,43,29
10UE,10,301,5.1462984,2.1657772,555.05457,0.61402762,0.7914443,0.844701325,28,43,29
10UE,10,302,4.693673,2.2316847,466.48755,0.647974525,0.807921175,0.7498080892857143,28,44,28
10UE,10,303,5.483137,2.262754,503.9289,0.588764725,0.8156885,0.7899238214285714,27,45,28
10UE,10,304,5.361846,2.2711263,554.54095,0.59786155,0.817781575,0.8441510178571429,27,44,29
10UE,10,305,4.8396015,2.274123,512.4864,0.6370298875,0.81853075,0.7990925714285714,28,44,28
10UE,10,306,4.881696,2.1597729,535.2201,0.6338728,0.789943225,0.8234501071428572,28,43,29
10UE,10,307,4.756061,2.1713512,518.9371,0.643295425,0.7928378,0.8060040357142857,28,44,28
10UE,10,308,4.6808558,2.0041478,484.50595,0.648935815,0.75103695,0.7691135178571429,28,44,28
10UE,10,309,4.416359,2.1482837,402.00204,0.668773075,0.787070925,0.6807164714285714,29,44,27
10UE,10,310,4.4302216,2.050619,517.0892,0.6677333799999999,0.76265475,0.8040241428571429,28,44,28
10UE,10,311,3.9715767,2.066479,526.69147,0.7021317475,0.76661975,0.8143122892857143,29,43,28
10UE,10,312,3.7528043,2.0343075,592.35815,0.7185396775,0.758576875,0.8846694464285715,29,42,29
10UE,10,313,3.883654,2.2210162,598.6422,0.70872595,0.80525405,0.8914023571428571,28,43,29
10UE,10,314,3.9394095,2.1503298,601.3245,0.7045442875000001,0.78758245,0.8942762499999999,28,43,29
10UE,10,315,4.2669916,2.2149022,618.8498,0.67997563,0.80372555,0.9130533571428572,28,43,29
10UE,10,316,4.727453,2.2489078,614.09467,0.645441025,0.81222695,0.907958575,28,43,29
10UE,10,317,4.609118,2.2680342,623.178,0.65431615,0.81700855,0.9176907142857142,28,43,29
10UE,10,318,5.2187157,2.2427928,654.642,0.6085963225000001,0.8106982,0.9514021428571429,27,43,30
10UE,10,319,4.631896,2.4464545,655.67633,0.6526078,0.861613625,0.9525103535714285,27,44,29
10UE,10,320,4.641016,2.4107265,646.6812,0.6519238,0.852681625,0.9428727142857143,27,44,29
10UE,10,321,4.875154,2.517534,621.9746,0.6343634499999999,0.8793835,0.9164013571428571,27,44,29
10UE,10,322,5.50716,2.585639,622.9466,0.586963,0.89640975,0.9174427857142857,27,44,29
10UE,10,323,6.585105,2.0888796,559.65784,0.5061171250000001,0.7722199,0.8496334,27,44,29
10UE,10,324,6.246052,1.949646,556.47614,0.5315461,0.7374115,0.8462244357142857,27,44,29
10UE,10,325,6.343516,2.2015705,617.0607,0.5242363,0.800392625,0.9111364642857143,27,43,30
10UE,10,326,6.516326,2.2152672,589.19116,0.51127555,0.8038168,0.8812762428571428,26,45,29
10UE,10,327,5.8076787,2.2046921,570.92206,0.5644240974999999,0.801173025,0.8617022071428572,27,44,29
10UE,10,328,5.3122134,2.6940825,604.3149,0.601583995,0.923520625,0.89748025,27,44,29
10UE,10,329,5.227427,2.1346576,477.87662,0.607942975,0.7836644,0.7620106642857143,28,44,28
10UE,10,330,5.2406855,1.9829017,587.06665,0.6069485875,0.7457254249999999,0.8789999821428571,28,43,29
10UE,10,331,4.7565055,2.1693625,563.1011,0.6432620875,0.792340625,0.8533226071428571,28,43,29
10UE,10,332,5.5700326,2.2229798,493.9021,0.582247555,0.80574495,0.7791808214285715,27,45,28
10UE,10,333,5.112997,2.270658,631.779,0.616525225,0.8176645,0.9269060714285715,27,44,29
10UE,10,334,4.5877533,2.245327,542.3355,0.6559185025,0.81133175,0.83107375,28,44,28
10UE,10,335,4.264844,2.26824,502.6959,0.6801367,0.81706,0.78860275,28,44,28
10UE,10,336,4.186575,2.274961,582.47217,0.686006875,0.81874025,0.874077325,28,43,29
10UE,10,337,3.9511056,2.2868116,642.5675,0.70366708,0.8217029,0.9384651785714285,28,43,29
10UE,10,338,3.7235568,2.2914736,622.1424,0.72073324,0.8228684,0.9165811428571429,28,43,29
10UE,10,339,3.861203,2.221584,583.1417,0.710409775,0.805396,0.8747946785714286,28,43,29
10UE,10,340,4.5915966,2.2229812,525.7127,0.655630255,0.8057453,0.8132636071428572,28,44,28
10UE,10,341,4.88747,2.0605617,564.65454,0.63343975,0.765140425,0.8549870071428571,28,43,29
10UE,10,342,4.847572,2.255881,460.4148,0.6364321,0.81397025,0.7433015714285715,28,44,28
10UE,10,343,4.8249626,2.1587126,536.908,0.638127805,0.78967815,0.8252585714285714,28,43,29
10UE,10,344,4.2622766,2.2588942,577.5979,0.680329255,0.81472355,0.8688548928571428,28,43,29
10UE,10,345,5.6028633,2.1957655,495.40033,0.5797852525,0.798941375,0.7807860678571429,27,45,28
10UE,10,346,5.4720716,2.3490257,395.32938,0.5895946300000001,0.837256425,0.6735671928571428,28,45,27
10UE,10,347,5.9809546,2.3135397,509.8439,0.551428405,0.828384925,0.7962613214285714,27,44,29
10UE,10,348,5.7044115,2.2981153,447.47784,0.5721691375,0.824528825,0.7294405428571429,27,45,28
10UE,10,349,5.397196,2.296372,455.19748,0.5952103,0.824093,0.7377115857142857,28,44,28
10UE,10,350,5.7625628,2.2762136,470.4275,0.5678077899999999,0.8190534,0.7540294642857143,27,45,28
10UE,10,351,5.8083806,2.3219292,464.06113,0.5643714550000001,0.8304823,0.7472083535714286,27,45,28
10UE,10,352,6.229487,2.2136323,466.71918,0.532788475,0.803408075,0.7500562642857143,27,45,28
10UE,10,353,6.683409,2.1794949,483.0512,0.498744325,0.794873725,0.7675548571428571,27,44,29
10UE,10,354,6.863724,2.168058,383.96304,0.4852207,0.7920145,0.6613889714285714,27,45,28
10UE,10,355,6.51463,2.208251,368.64233,0.51140275,0.80206275,0.6449739250000001,27,45,28
10UE,10,356,6.1528964,2.1714144,360.32584,0.53853277,0.7928536,0.6360634000000001,27,46,27
10UE,10,357,6.4569945,2.1352077,490.24197,0.5157254124999999,0.783801925,0.7752592535714286,27,44,29
10UE,10,358,5.7044954,2.166104,544.4851,0.572162845,0.791526,0.8333768928571428,27,44,29
10UE,10,359,5.4852753,2.076998,590.6842,0.5886043525,0.7692495,0.8828759285714286,27,44,29
10UE,10,360,6.6044707,2.1956737,552.6934,0.5046646975,0.798918425,0.8421715,26,45,29
10UE,10,361,7.1961164,2.0977173,557.2989,0.46029127000000003,0.774429325,0.8471059642857144,26,44,30
10UE,10,362,7.00504,2.1381214,576.666,0.474622,0.78453035,0.8678564285714286,26,44,30
10UE,10,363,7.366958,2.1544595,571.62933,0.44747815,0.788614875,0.8624599964285714,26,44,30
10UE,10,364,7.465275,2.1016026,572.2266,0.440104375,0.77540065,0.8630999285714285,26,44,30
10UE,10,365,7.404832,2.4150593,557.1371,0.44463759999999997,0.853764825,0.8469326071428571,26,45,29
10UE,10,366,7.0291862,2.3629253,448.96616,0.47281103500000005,0.840731325,0.7310351714285714,26,46,28
10UE,10,367,7.0928464,2.6640692,501.0222,0.46803651999999996,0.9160173,0.7868094999999999,26,46,28
10UE,10,368,6.715195,2.647138,457.15533,0.4963603750000001,0.9117845,0.7398092821428571,26,46,28
10UE,10,369,6.930746,1.9649094,455.5232,0.48019405000000004,0.7412273500000001,0.7380605714285714,27,44,29
10UE,10,370,6.7074647,1.7821862,534.6394,0.49694014750000004,0.69554655,0.8228279285714286,27,43,30
10UE,10,371,6.5348263,1.9799902,560.82837,0.5098880275000001,0.74499755,0.8508875392857143,27,43,30
10UE,10,372,6.274673,1.9698358,612.09485,0.5293995250000001,0.7424589500000001,0.9058159107142856,27,43,30
10UE,10,373,5.679437,2.0944598,636.8319,0.5740422249999999,0.77361495,0.9323198928571428,27,43,30
10UE,10,374,5.6844425,1.7421882,626.1672,0.5736668125,0.6855470499999999,0.9208934285714285,27,43,30
10UE,10,375,5.394409,2.0872796,628.2863,0.5954193249999999,0.7718199,0.9231638928571428,27,43,30
10UE,10,376,4.9517484,1.8934134,588.5407,0.6286188699999999,0.72335335,0.8805793214285715,28,43,29
10UE,10,377,4.5891795,2.197657,580.67126,0.6558115375,0.79941425,0.8721477785714284,28,43,29
10UE,10,378,4.444508,2.0892742,575.51276,0.6666619,0.77231855,0.8666208142857142,28,43,29
10UE,10,379,4.577987,2.2778213,613.3289,0.656650975,0.819455325,0.9071381071428571,28,43,29
10UE,10,380,4.814896,1.9106091,588.0443,0.6388828,0.727652275,0.8800474642857143,28,43,29
10UE,10,381,5.447659,2.2334208,517.1504,0.5914255749999999,0.8083552,0.8040897142857143,27,44,29
10UE,10,382,5.054138,1.6398363,532.7043,0.62093965,0.6599590750000001,0.8207546071428571,28,43,29
10UE,10,383,5.6461387,1.1898121,510.12802,0.5765395975000001,0.547453025,0.7965657357142857,29,41,30
10UE,10,384,6.092613,1.9041224,573.2128,0.543054025,0.7260306,0.8641565714285715,27,43,30
10UE,10,385,6.1141515,1.8226237,620.4059,0.5414386375,0.705655925,0.9147206071428571,27,43,30
10UE,10,386,6.53198,1.9950093,595.4272,0.5101015,0.748752325,0.8879577142857142,27,43,30
10UE,10,387,6.826142,1.8524686,633.0703,0.48803935000000004,0.71311715,0.9282896071428571,26,44,30
10UE,10,388,6.907988,2.0017204,645.4838,0.4819009000000001,0.7504301,0.9415897857142856,26,44,30
10UE,10,389,7.0452228,2.2702317,639.2462,0.47160828999999993,0.817557925,0.9349066428571429,26,44,30
10UE,10,390,7.540889,2.197926,634.586,0.43443332500000004,0.7994815,0.9299135714285715,26,44,30
10UE,10,391,7.4430795,2.6528666,595.54565,0.4417690375000001,0.91321665,0.8880846250000001,25,46,29
10UE,10,392,7.5514135,2.5647867,617.295,0.43364398750000005,0.891196675,0.9113874999999999,25,46,29
10UE,10,393,7.812026,2.585859,639.137,0.41409804999999994,0.89646475,0.9347896428571428,25,45,30
10UE,10,394,7.4128118,2.6360164,631.6949,0.44403911500000004,0.9090041,0.9268159642857143,25,46,29
10UE,10,395,5.6996517,2.0685236,620.8283,0.5725261225,0.7671309,0.9151731785714285,27,43,30
10UE,10,396,6.531918,1.9130113,614.9475,0.51010615,0.728252825,0.9088723214285714,27,43,30
10UE,10,397,6.03359,2.1316767,616.1059,0.5474807500000001,0.782919175,0.9101134642857143,27,43,30
10UE,10,398,6.8996096,2.1776938,607.4837,0.48252928000000006,0.79442345,0.9008753928571428,26,44,30
10UE,10,399,7.425539,2.25818,584.5916,0.443084575,0.814545,0.8763481428571428,26,44,30
10UE,10,400,7.8090496,2.0930767,612.2088,0.41432128,0.773269175,0.905938,25,45,30
10UE,10,401,7.4035254,2.0480556,616.152,0.44473559499999993,0.7620139,0.9101628571428572,26,44,30
10UE,10,402,7.4282007,1.984811,622.57336,0.44288494750000007,0.74620275,0.9170428857142857,26,44,30
10UE,10,403,7.307682,1.9681784,629.97766,0.45192385,0.7420446,0.9249760642857143,26,44,30
10UE,10,404,7.3882236,2.2432315,622.5812,0.44588322999999996,0.810807875,0.9170512857142856,26,44,30
10UE,10,405,7.2022753,1.929693,624.51587,0.45982935249999995,0.73242325,0.9191241464285713,26,44,30
10UE,10,406,7.3624053,2.2965298,618.0738,0.44781960249999997,0.82413245,0.9122219285714286,26,44,30
10UE,10,407,7.273948,1.8883734,623.99207,0.45445389999999997,0.7220933500000001,0.9185629321428571,26,44,30
10UE,10,408,7.210939,2.1765192,606.40283,0.45917957500000006,0.7941298,0.8997173178571429,26,44,30
10UE,10,409,7.932687,1.9963691,628.5974,0.4050484750000001,0.749092275,0.9234972142857143,25,44,31
10UE,10,410,7.7307844,2.3152947,628.1338,0.42019116999999995,0.828823675,0.9230005,25,45,30
10UE,10,411,8.039795,2.023419,596.5901,0.39701537500000006,0.75585475,0.8892036785714286,25,45,30
10UE,10,412,8.307029,2.2234004,612.5345,0.37697282499999996,0.8058501,0.9062869642857142,25,45,30
10UE,10,413,8.673647,2.0717907,596.8407,0.3494764749999999,0.767947675,0.8894721785714286,25,45,30
10UE,10,414,8.092171,2.1471243,588.0814,0.393087175,0.786781075,0.8800872142857143,25,45,30
10UE,10,415,7.6674213,2.0600567,624.1374,0.42494340249999996,0.765014175,0.9187186428571428,26,44,30
10UE,10,416,7.649915,2.116812,617.0665,0.42625637499999997,0.779203,0.9111426785714285,26,44,30
10UE,10,417,7.789383,2.2247012,612.8213,0.41579627500000005,0.8061753,0.9065942499999999,25,45,30
10UE,10,418,7.9668455,2.2628171,613.15173,0.40248658750000005,0.815704275,0.9069482821428572,25,45,30
10UE,10,419,7.8814554,2.150391,615.5618,0.40889084499999995,0.78759775,0.9095304999999999,25,45,30
10UE,10,420,8.127164,1.7933375,618.5709,0.3904627,0.698334375,0.9127545357142858,25,44,31
10UE,10,421,8.076638,1.8750432,608.57385,0.39425214999999997,0.7187608,0.9020434107142857,25,44,31
10UE,10,422,8.092403,1.7508116,609.55084,0.39306977500000007,0.6877029,0.9030901857142857,26,43,31
10UE,10,423,8.387838,1.889705,612.03564,0.37091214999999994,0.72242625,0.9057524714285714,25,44,31
10UE,10,424,8.512264,1.640292,617.4,0.36158019999999996,0.660073,0.9115,25,44,31
10UE,10,425,8.220733,1.5661571,573.55817,0.3834450250000001,0.641539275,0.8645266107142857,26,43,31
10UE,10,426,7.8111444,1.3869317,586.1561,0.41416417000000005,0.596732925,0.8780243928571428,26,43,31
10UE,10,427,7.712732,1.2550367,617.59784,0.4215451,0.563759175,0.9117119714285714,26,42,32
10UE,10,428,7.8509064,1.4451903,615.83386,0.4111820199999999,0.611297575,0.9098219928571428,26,43,31
10UE,10,429,7.754888,1.566104,618.2855,0.4183834,0.641526,0.91244875,26,43,31
10UE,10,430,7.7711754,1.9651033,624.8339,0.417161845,0.741275825,0.9194648928571428,26,44,30
10UE,10,431,7.768465,1.8776733,601.08844,0.417365125,0.719418325,0.8940233285714285,26,44,30
10UE,10,432,7.689203,2.0082345,581.45917,0.423309775,0.752058625,0.8729919678571428,26,44,30
10UE,10,433,7.6706405,1.8797817,604.55707,0.42470196250000003,0.719945425,0.8977397178571428,26,44,30
10UE,10,434,7.6141844,2.123337,610.65314,0.42893616999999995,0.78083425,0.9042712214285715,26,44,30
10UE,10,435,7.5166135,2.0890033,607.55536,0.4362539875,0.772250825,0.9009521714285713,26,44,30
10UE,10,436,7.597817,2.1769404,612.1258,0.430163725,0.7942351,0.9058490714285714,26,44,30
10UE,10,437,7.945129,2.1116889,614.496,0.404115325,0.777922225,0.9083885714285713,25,45,30
10UE,10,438,7.9618506,2.2065806,603.28345,0.402861205,0.80164515,0.896375125,25,45,30
10UE,10,439,7.973321,2.1210942,607.6854,0.402000925,0.78027355,0.9010914999999999,25,45,30
10UE,10,440,7.68131,2.0931637,613.0907,0.42390174999999997,0.773290925,0.9068828928571429,26,44,30
10UE,10,441,7.724232,2.0925603,614.14386,0.4206826,0.773140075,0.9080112785714286,26,44,30
10UE,10,442,8.241527,1.967575,603.23364,0.38188547500000003,0.74189375,0.8963217571428572,25,45,30
10UE,10,443,8.118727,1.947024,605.2589,0.39109547499999997,0.736756,0.8984916785714286,25,45,30
10UE,10,444,7.8757205,1.9067904,619.73334,0.40932096250000005,0.7266975999999999,0.9140000071428571,26,43,31
10UE,10,445,7.830235,2.005575,618.22284,0.41273237500000004,0.75139375,0.9123816142857143,26,44,30
10UE,10,446,7.527812,1.9652944,614.0498,0.43541409999999997,0.7413236,0.9079105000000001,26,44,30
10UE,10,447,7.3632402,1.9710028,597.72595,0.44775698500000005,0.7427507,0.8904206607142857,26,44,30
10UE,10,448,7.3634524,1.6175882,608.0501,0.44774106999999996,0.65439705,0.90148225,26,43,31
10UE,10,449,7.592742,1.8652791,622.98566,0.43054435,0.716319775,0.9174846357142857,26,43,31
10UE,10,450,7.6956325,2.0349941,616.6653,0.4228275625,0.758748525,0.9107128214285715,26,44,30
10UE,10,451,7.6586556,2.2910511,616.93146,0.42560082999999993,0.822762775,0.9109979928571429,25,45,30
10UE,10,452,7.395076,1.8927851,612.41156,0.44536929999999997,0.7231962749999999,0.9061552428571429,26,44,30
10UE,10,453,6.97881,1.8672317,598.8196,0.47658925,0.716807925,0.8915924285714286,26,44,30
10UE,10,454,6.5576286,1.8404804,612.61804,0.508177855,0.7101200999999999,0.9063764714285714,27,43,30
10UE,10,455,6.2066,2.0215507,612.2238,0.534505,0.755387675,0.9059540714285714,27,43,30
10UE,10,456,6.0757527,1.8718777,610.07227,0.5443185475,0.717969425,0.9036488607142856,27,43,30
10UE,10,457,5.4900875,2.1675823,607.2418,0.5882434375000001,0.791895575,0.9006162142857143,27,44,29
10UE,10,458,5.8245177,2.0613418,601.8195,0.5631611725,0.76533545,0.8948066071428571,27,43,30
10UE,10,459,5.7001815,2.1415346,604.16437,0.5724863875,0.78538365,0.8973189678571428,27,44,29
10UE,10,460,5.1121926,2.0980415,610.7464,0.6165855549999999,0.774510375,0.9043711428571428,27,44,29
10UE,10,461,4.690924,2.0551586,616.00055,0.6481807,0.76378965,0.9100005892857143,28,43,29
10UE,10,462,4.291962,1.9840381,613.8619,0.6781028499999999,0.746009525,0.9077091785714286,28,43,29
10UE,10,463,4.421659,2.0881085,598.4794,0.668375575,0.772027125,0.8912279285714286,28,43,29
10UE,10,464,3.877349,2.1009068,598.57947,0.709198825,0.7752267,0.8913351464285715,28,43,29
10UE,10,465,3.8654177,2.1550114,615.6224,0.7100936725,0.78875285,0.9095954285714285,28,43,29
10UE,10,466,3.8957925,2.282905,607.0046,0.7078155625,0.82072625,0.9003620714285714,28,43,29
10UE,10,467,3.8084233,2.2352443,607.3879,0.7143682525,0.808811075,0.90077275,28,43,29
10UE,10,468,4.0167603,1.964201,620.83704,0.6987429775,0.74105025,0.915182542857143,28,43,29
10UE,10,469,4.3680687,2.1190796,616.8637,0.6723948474999999,0.7797699,0.9109253928571429,28,43,29
10UE,10,470,4.3613067,1.7415328,618.813,0.6729019974999999,0.6853832,0.9130139285714286,28,42,30
10UE,10,471,4.3358436,1.6009302,620.3876,0.67481173,0.65023255,0.914701,29,41,30
10UE,10,472,4.12911,1.5345751,597.7899,0.69031675,0.633643775,0.8904891785714286,29,41,30
10UE,10,473,3.6529202,1.656046,595.238,0.726030985,0.6640115,0.8877550000000001,29,42,29
10UE,10,474,3.7367282,0.52282226,579.88605,0.719745385,0.38070556499999997,0.8713064821428571,31,38,31
10UE,10,475,3.8639324,1.3889644,582.7488,0.71020507,0.5972411,0.8743737142857142,29,41,30
10UE,10,476,3.8349082,1.3954325,614.6135,0.712381885,0.598858125,0.9085144642857144,29,41,30
10UE,10,477,3.9703543,1.4924471,624.3445,0.7022234275,0.6231117749999999,0.9189405357142857,29,41,30
10UE,10,478,4.0887823,1.7110381,619.1867,0.6933413275,0.677759525,0.9134143214285715,29,41,30
10UE,10,479,4.1218696,2.0020857,617.93353,0.69085978,0.750521425,0.9120716392857143,28,43,29
10UE,10,480,4.0209846,2.344838,614.35205,0.6984261549999999,0.8362095,0.9082343392857142,28,43,29
10UE,10,481,3.7473934,1.4675661,618.0057,0.718945495,0.616891525,0.9121489642857143,29,41,30
10UE,10,482,4.097528,1.5369116,611.9885,0.6926854,0.6342279000000001,0.9057019642857143,29,41,30
10UE,10,483,3.6617959,1.2673042,604.7067,0.7253653075,0.56682605,0.8979000357142857,30,40,30
10UE,10,484,3.545341,1.0774083,610.1239,0.734099425,0.519352075,0.9037041785714286,30,40,30
10UE,10,485,3.7489152,1.2092856,613.4761,0.71883136,0.5523214000000001,0.9072958214285715,30,40,30
10UE,10,486,4.475392,1.4501489,620.1132,0.6643456,0.6125372250000001,0.914407,29,41,30
10UE,10,487,4.302726,1.447078,619.3187,0.67729555,0.6117695000000001,0.91355575,29,41,30
10UE,10,488,4.1843433,1.1609002,617.88983,0.6861742525000001,0.54022505,0.9120248178571428,29,41,30
10UE,10,489,4.2329073,1.159929,606.8874,0.6825319525,0.53998225,0.9002364999999999,29,41,30
10UE,10,490,3.7564595,1.2479624,606.2574,0.7182655375,0.5619906,0.8995614999999999,29,41,30
10UE,10,491,3.3598042,1.3370199,616.253,0.748014685,0.584254975,0.9102710714285714,30,40,30
10UE,10,492,3.8219395,1.5946207,622.5972,0.7133545375,0.648655175,0.9170684285714286,29,41,30
10UE,10,493,4.799889,1.1932901,619.8682,0.6400083249999999,0.548322525,0.9141445,29,40,31
10UE,10,494,4.234395,1.2083532,624.93274,0.682420375,0.5520883,0.9195707928571428,29,41,30
10UE,10,495,4.971067,1.021815,612.7365,0.6271699749999999,0.50545375,0.9065033928571428,29,40,31
10UE,10,496,4.724261,1.0884157,617.9494,0.6456804249999999,0.522103925,0.9120886428571429,29,40,31
10UE,10,497,4.1952333,0.9662439,618.6112,0.6853575025,0.491560975,0.9127977142857143,30,39,31
10UE,10,498,4.2649245,1.0899186,607.8562,0.6801306625,0.52247965,0.9012745,29,40,31
10UE,10,499,4.0460625,0.96831113,610.53174,0.6965453125000001,0.4920777825,0.90414115,30,39,31
10UE,10,500,4.227477,1.060887,586.77875,0.6829392249999999,0.51522175,0.8786915178571428,30,40,30
10UE,10,501,3.9901075,0.93399894,559.9043,0.7007419375,0.48349973500000004,0.8498974642857143,30,40,30
10UE,10,502,4.3042555,0.9111431,613.3174,0.6771808374999999,0.477785775,0.9071257857142857,30,39,31
10UE,10,503,4.855089,0.9645399,621.713,0.635868325,0.49113497500000003,0.9161210714285715,29,40,31
10UE,10,504,5.3364754,1.120406,623.04456,0.599764345,0.5301015,0.9175477428571429,28,41,31
10UE,10,505,5.5994763,1.0063157,630.9987,0.5800392775,0.501578925,0.9260700357142857,28,41,31
10UE,10,506,6.223024,1.1620225,629.647,0.5332732,0.540505625,0.9246217857142858,28,41,31
10UE,10,507,5.786855,0.982072,615.0959,0.565985875,0.495518,0.9090313214285715,28,41,31
10UE,10,508,5.8941927,1.1164845,593.2291,0.5579355475000001,0.5291211250000001,0.8856026071428571,28,41,31
10UE,10,509,5.8444242,0.96800077,584.88745,0.561668185,0.4920001925,0.8766651249999999,28,41,31
10UE,10,510,5.405812,1.1811291,616.83813,0.5945641,0.5452822749999999,0.9108979964285714,28,41,31
10UE,10,511,5.7210183,0.97348166,612.4546,0.5709236275,0.493370415,0.9062013571428572,28,41,31
10UE,10,512,5.9686327,1.1225443,615.22034,0.5523525475000001,0.530636075,0.9091646499999999,28,41,31
10UE,10,513,5.5155635,0.92145056,626.42017,0.5863327375,0.48036264,0.9211644678571429,29,39,32
10UE,10,514,5.305979,0.93832856,626.8219,0.6020515750000001,0.48458214,0.9215948928571429,29,40,31
10UE,10,515,5.839744,0.9063848,617.9906,0.5620191999999999,0.47659619999999997,0.9121327857142857,28,40,32
10UE,10,516,6.3102865,0.9069784,612.96594,0.5267285125000001,0.47674459999999996,0.9067492214285715,28,40,32
10UE,10,517,6.528108,0.93964547,571.66565,0.5103919000000001,0.48491136749999997,0.8624989107142857,28,41,31
10UE,10,518,6.092808,0.89448184,581.34784,0.5430394000000001,0.47362046,0.8728726857142857,28,41,31
10UE,10,519,5.7712035,0.9165948,608.5634,0.5671597374999999,0.4791487,0.9020322142857142,28,41,31
10UE,10,520,5.9431386,0.92993075,622.3445,0.554264605,0.4824826875,0.9167976785714287,28,40,32
10UE,10,521,6.4389606,0.92645776,617.5828,0.517077955,0.48161444,0.9116958571428572,28,40,32
10UE,10,522,6.36648,0.91697,594.02966,0.522514,0.47924249999999996,0.8864603500000001,28,40,32
10UE,10,523,6.8526435,0.9177731,607.07025,0.4860517375,0.479443275,0.9004324107142857,28,40,32
10UE,10,524,6.6929936,0.9276471,628.8176,0.49802548,0.481911775,0.9237331428571428,28,40,32
10UE,10,525,6.532177,0.91699654,618.5352,0.510086725,0.479249135,0.9127162857142858,28,40,32
10UE,10,526,6.5362725,0.8947548,625.95465,0.5097795625,0.4736887,0.9206656964285714,28,40,32
10UE,10,527,6.3364706,0.9156825,632.57117,0.5247647049999999,0.478920625,0.9277548250000001,28,40,32
10UE,10,528,6.595788,0.9180644,621.9239,0.5053159,0.4795161,0.9163470357142858,28,40,32
10UE,10,529,6.288755,0.90619856,622.302,0.528343375,0.47654964,0.9167521428571429,28,40,32
10UE,10,530,5.7661905,0.9114142,566.1852,0.5675357125,0.47785354999999996,0.856627,29,40,31
10UE,10,531,5.509351,0.9191302,609.2944,0.586798675,0.47978255,0.9028154285714286,29,40,31
10UE,10,532,5.618774,0.9123441,570.9684,0.5785919500000001,0.478086025,0.8617518571428572,29,40,31
10UE,10,533,5.586559,0.91052014,611.5078,0.581008075,0.477630035,0.9051869285714286,29,40,31
10UE,10,534,5.1434183,0.9254578,615.14575,0.6142436275000001,0.48136445,0.9090847321428572,29,40,31
10UE,10,535,4.7336917,0.93114376,615.2191,0.6449731224999999,0.48278593999999997,0.9091633214285715,29,40,31
10UE,10,536,4.7175193,0.93507665,617.384,0.6461860524999999,0.48376916249999996,0.9114828571428572,29,40,31
10UE,10,537,4.4757447,0.9321034,622.32025,0.6643191475000001,0.48302585,0.9167716964285715,29,40,31
10UE,10,538,4.092976,0.9308787,620.38544,0.6930267999999999,0.482719675,0.9146986857142857,30,39,31
10UE,10,539,4.139748,0.92278445,626.1985,0.6895189,0.4806961125,0.9209269642857142,30,39,31
10UE,10,540,3.9998653,0.9303159,622.5176,0.7000101025,0.48257897499999997,0.9169831428571429,30,39,31
10UE,10,541,3.9561274,0.962554,626.1631,0.7032904449999999,0.4906385,0.9208890357142857,30,39,31
10UE,10,542,3.94664,0.9704898,632.9504,0.704002,0.49262245,0.9281611428571428,30,39,31
10UE,10,543,3.9843564,0.9492822,608.76514,0.70117327,0.48732054999999996,0.9022483642857142,30,39,31
10UE,10,544,4.122532,0.93779707,610.53143,0.6908101,0.4844492675,0.9041408178571428,30,39,31
10UE,10,545,4.5968633,0.9394211,616.03394,0.6552352525,0.48485527500000003,0.9100363642857143,29,40,31
10UE,10,546,5.027796,2.161134,614.7491,0.6229153000000001,0.7902835,0.90865975,27,44,29
10UE,10,547,5.4033284,0.6360271,630.0387,0.59475037,0.409006775,0.9250414642857142,29,39,32
10UE,10,548,4.856139,2.047671,620.654,0.635789575,0.76191775,0.9149864285714286,28,43,29
10UE,10,549,4.2969966,1.2655565,623.8303,0.6777252549999999,0.5663891249999999,0.9183896071428571,29,41,30
10UE,10,550,5.1433015,1.8660153,619.9144,0.6142523875000001,0.716503825,0.9141940000000001,28,42,30
10UE,10,551,5.670404,0.8286017,617.68427,0.5747197,0.45715042499999997,0.911804575,29,39,32
10UE,10,552,5.5659738,3.0177047,624.4345,0.582551965,1.0,0.9190369642857142,26,46,28
10UE,10,553,4.918856,1.2131453,624.41254,0.6310857999999999,0.553286325,0.9190134357142857,29,40,31
10UE,10,554,5.527876,2.5292058,622.03577,0.5854093,0.88230145,0.9164668964285714,27,44,29
10UE,10,555,5.6291547,3.1678798,619.1323,0.5778133975,1.0,0.9133560357142857,26,46,28
10UE,10,556,5.4551983,0.68262774,591.21106,0.5908601274999999,0.420656935,0.8834404214285714,29,39,32
10UE,10,557,5.2259383,0.99124527,610.6332,0.6080546275,0.49781131749999996,0.9042498571428571,29,40,31
10UE,10,558,4.6615634,0.63889503,615.7624,0.6503827449999999,0.4097237575,0.9097454285714285,30,38,32
10UE,10,559,4.3215103,1.9863654,617.8058,0.6758867275,0.74659135,0.9119347857142857,28,43,29
10UE,10,560,4.146546,1.5914314,619.3914,0.68900905,0.6478578500000001,0.9136336428571428,29,41,30
10UE,10,561,4.61923,1.4871308,594.8811,0.65355775,0.6217827,0.887372607142857,29,41,30
10UE,10,562,4.373544,1.0940067,581.06384,0.6719842,0.523501675,0.8725684,29,41,30
10UE,10,563,4.727224,2.0402932,595.3175,0.6454582,0.7600733,0.8878401785714286,28,43,29
10UE,10,564,5.056898,0.97562516,601.7646,0.6207326499999999,0.49390629,0.8947477857142856,29,40,31
10UE,10,565,5.0133696,0.7747402,623.15466,0.62399728,0.44368504999999997,0.9176657071428572,29,39,32
