timestamp,actual_throughput,predicted_throughput
15999,30.17975976040891,47.25094
16000,39.2857090397609,49.12341
16001,39.77735057427854,50.37688
16002,45.16719548432051,51.654648
16003,38.02485603867781,50.637836
16004,41.36685578138204,52.739796
16005,43.61822917217783,53.57996
16006,40.225261931663056,52.04943
16007,40.21357173021536,53.20123
16008,46.17773029371724,51.072857
16009,44.71444726887713,52.65796
16010,54.38095238086085,52.714733
16011,52.80260407654026,53.631184
16012,57.29331320108004,53.751083
16013,55.12540223550961,54.04521
16014,61.44230518452747,54.53469
16015,57.47580231533639,54.00502
16016,53.324264400510025,54.675083
16017,61.371119484901904,55.8171
16018,51.46491451025288,55.793983
16019,53.31314125368126,56.914654
16020,55.42562689024115,58.103798
16021,54.91072771663513,58.70814
16022,52.86514978003267,59.476055
16023,58.398434671178045,60.35086
16024,70.59389611708764,60.850494
16025,75.51914268869837,63.88301
16026,83.50179716311517,63.963615
16027,83.09961218322198,64.126175
16028,88.13758567648156,64.87335
16029,93.68990956653882,63.650177
16030,90.41659684559296,67.1278
16031,94.81608048637464,66.35176
16032,92.60841147413495,66.49082
16033,98.6738875798953,65.235016
16034,100.0,68.039566
16035,100.0,68.61158
16036,100.0,70.41736
16037,100.0,72.785934
16038,100.0,73.75166
16039,100.0,75.4627
16040,100.0,76.99579
16041,100.0,80.82626
16042,99.47927285398036,81.977234
16043,94.72155288950792,79.81424
16044,100.0,83.22356
16045,100.0,83.595215
16046,100.0,85.439186
16047,100.0,83.71442
16048,100.0,83.98326
16049,96.29945868142848,85.6637
16050,98.64758946181948,88.33028
16051,99.48526603419802,88.86901
16052,92.3237422686605,87.397
16053,100.0,86.35704
16054,100.0,85.75882
16055,100.0,89.85024
16056,95.02176429004209,85.98396
16057,99.80053635293928,85.23684
16058,91.49427409013629,86.17305
16059,86.81794758815728,84.14533
16060,88.54703730264286,86.73241
16061,95.74456955545767,84.51827
16062,93.45418373323804,83.57765
16063,92.38579611836948,85.10029
16064,91.80765199009412,85.54067
16065,84.61962089817087,83.73994
16066,78.34590555425537,82.95026
16067,70.79894856202843,81.84966
16068,64.94489559303175,80.577644
16069,63.79563892428657,82.5715
16070,60.540384083628666,79.92794
16071,60.30782467180818,78.85192
16072,64.8620184631685,77.29808
16073,69.07353300721697,76.8613
16074,71.88609965048612,79.1673
16075,73.05095273752792,78.95262
16076,54.348235155944586,77.46325
16077,55.98171509988083,76.448746
16078,51.83124357017641,76.23835
16079,66.03354367619367,74.626854
16080,58.92513293771779,72.51746
16081,69.04208925645736,70.879105
16082,62.33221159984884,69.71356
16083,65.17948949240167,69.091255
16084,60.08331439999288,66.65511
16085,57.31523127333235,64.125565
16086,54.418447331824254,63.92377
16087,51.25731306570496,64.86968
16088,53.485929543036654,64.70529
16089,56.36482538868108,61.95354
16090,49.00957205429573,59.47419
16091,56.19886409405303,59.27471
16092,58.81755748604613,56.687485
16093,55.546767689302726,55.604088
16094,56.04486946617188,50.413857
16095,55.7646979857789,48.63198
16096,57.93632751810614,44.36975
16097,48.83565948617101,43.72734
16098,47.26231308363637,44.118958
16099,53.835316458650354,45.106052
16100,53.56193175080107,46.545387
16101,47.44573879118352,43.459938
16102,45.69389101196325,42.99105
16103,43.727093096876594,39.619804
16104,43.71008068538225,39.99459
16105,47.57268424841949,36.988716
16106,38.85966982911776,36.004196
16107,43.93155822662085,35.597275
16108,42.513532559250095,34.605858
16109,47.2620241661196,33.527092
16110,50.61771251249103,33.11599
16111,42.02235773585444,32.938896
16112,45.62713816829756,36.31331
16113,45.18850948457286,36.080223
16114,45.90342136381568,35.426224
16115,46.06413159102844,37.105553
16116,36.08172174500726,36.905853
16117,37.20987192675123,38.68818
16118,41.3421879393396,40.528175
16119,41.55239885331798,40.012806
16120,35.778816616401414,41.63836
16121,39.96591594244856,43.618073
16122,36.56051753840796,46.463467
16123,35.579913806117574,48.131813
16124,35.066768493584405,50.28727
16125,38.54893111070866,50.53071
16126,36.9717261050845,52.063824
16127,32.33140123339672,53.70599
16128,30.412420366413453,54.697342
16129,30.262499003521327,54.791748
16130,36.263637158418064,55.185284
16131,34.49139477906933,59.646935
16132,36.942994150844505,60.338966
16133,36.20510961393492,63.230133
16134,32.8705536953253,64.44034
16135,38.43559837743858,68.16155
16136,36.53213682506114,70.34143
16137,41.41158078112495,73.358635
16138,44.93482861129127,75.38971
16139,46.15223207986296,74.67436
16140,43.12273406780877,77.92708
16141,41.3379345782128,77.51896
16142,46.49546557645876,77.58654
16143,48.95274178298576,78.12237
16144,52.51472285416118,79.06034
16145,55.8131683297112,80.635605
16146,54.12741009592042,82.49495
16147,60.54444092670759,84.821724
16148,70.87967540855014,85.85957
16149,65.11779467470677,88.69085
16150,67.0312749298815,88.742744
16151,65.06683102270767,91.64305
16152,68.65564405468419,93.52102
16153,71.1441690221614,94.14015
16154,62.695879723784685,95.71775
16155,70.1822010722998,96.17238
16156,73.00903361324345,96.80617
16157,69.77156142916508,97.22717
16158,68.31678552556734,97.4321
16159,66.40728371644457,97.46267
16160,71.89557393516284,98.37317
16161,80.18372434270178,97.92715
16162,72.79375681868542,97.55832
16163,74.64391355570886,96.54973
16164,78.11029668731398,96.37538
16165,70.35179128894556,95.85565
16166,67.66298267091375,93.2249
16167,68.40761207689994,93.99345
16168,78.89174617887825,93.04824
16169,78.88270205474655,91.792114
16170,78.4892656226807,90.22926
16171,73.57526722494633,91.26227
16172,74.64383556942954,89.04695
16173,82.95634164706881,88.76221
16174,87.2785360550188,87.03266
16175,88.7656633532676,85.84153
16176,100.0,85.01304
16177,100.0,84.92113
16178,100.0,81.53902
16179,99.64899427011416,78.808754
16180,85.28311271577404,77.21841
16181,93.58001675949104,78.540985
16182,92.52744085760904,78.30644
16183,93.35829031914504,76.07897
16184,97.3366083825322,76.159
16185,91.30235911130144,75.05047
16186,89.17155934413354,74.881065
16187,94.0926978706169,73.70711
16188,89.95007323751967,69.833435
16189,89.0511883225682,69.14117
16190,90.04225199216121,66.45683
16191,83.65828867751274,65.85943
16192,80.38833687546952,63.11574
16193,84.24324432238787,63.452675
16194,87.67042925549674,62.154568
16195,83.62720816181648,63.46865
16196,86.48415631865012,60.502052
16197,84.38822890396813,58.075256
16198,80.58607297245824,57.96942
16199,80.73515815826993,56.9847
16200,86.1329181296926,56.79678
16201,91.64799047031882,56.71791
16202,90.1239397085016,58.28032
16203,92.8763658474914,57.225655
16204,98.1735668765464,55.863045
16205,88.44238603501132,54.663776
16206,92.69789848824112,55.731133
16207,91.71315209549245,55.51191
16208,95.8693301659106,54.00658
16209,89.22322039167085,52.588573
16210,94.02904309289708,51.165142
16211,100.0,50.522118
16212,100.0,52.417213
16213,98.57531799845388,49.28164
16214,100.0,48.522697
16215,100.0,48.686615
16216,100.0,49.35262
16217,100.0,50.343357
16218,100.0,46.225502
16219,96.4615862839256,47.76367
16220,98.69570043822632,47.75894
16221,95.12673636432532,48.068714
16222,94.25666924979431,47.658524
16223,100.0,45.204227
16224,100.0,43.92196
16225,100.0,44.441402
16226,100.0,42.97029
16227,97.43963574568473,41.28954
16228,96.79712744487202,42.0925
16229,100.0,39.967903
16230,98.4428442430839,41.007576
16231,100.0,40.097027
16232,91.5045364832286,39.685642
16233,88.44343167612287,41.55655
16234,84.1955388388022,39.285706
16235,93.89179318343528,41.04795
16236,97.75285632394522,39.893295
16237,97.55223383340736,39.48462
16238,99.31141942238942,39.569626
16239,100.0,39.10965
16240,100.0,39.25817
16241,100.0,39.237076
16242,97.85372154036936,40.16859
16243,97.19279613999132,38.474552
16244,100.0,39.527256
16245,100.0,41.208565
16246,99.00912753251028,42.856876
16247,100.0,42.289074
16248,100.0,41.64666
16249,100.0,41.976044
16250,96.97819178553928,43.90011
16251,97.84979225066732,45.53918
16252,87.46689039667986,44.7998
16253,85.42243801778136,45.90385
16254,81.2369185463688,46.316452
16255,89.23842149219074,48.86653
16256,87.37091042061836,49.019455
16257,87.6102599523628,49.273155
16258,81.7306049424694,52.755165
16259,83.52895447205142,55.105026
16260,89.53333461525423,55.968796
16261,81.8794165358254,54.47752
16262,88.23377410172854,56.639175
16263,91.48070641343875,58.137146
16264,96.72692468016996,58.42729
16265,94.27004617504532,59.489166
16266,98.83136669953798,60.098557
16267,100.0,61.448486
16268,100.0,64.60772
16269,100.0,63.965805
16270,100.0,65.831856
16271,100.0,69.69493
16272,100.0,69.06496
16273,100.0,70.9586
16274,98.0277907676803,71.2603
16275,99.30051994513192,73.307686
16276,95.6769147074294,76.193855
16277,95.5228066065496,74.70621
16278,95.78711049940792,74.13451
16279,91.95464247100595,75.03717
16280,89.59321282849793,76.06942
16281,85.63705080186304,78.63074
16282,85.70109093931087,78.989685
16283,82.04166006613428,79.23279
16284,91.80293408834216,82.26479
16285,96.36429253439178,82.63855
16286,88.8078723316052,83.110886
16287,88.75336327333194,82.21153
16288,90.65299083197615,83.88882
16289,94.13320036879968,85.07203
16290,88.43402434765873,84.88893
16291,92.15963317556808,85.62243
16292,86.3629479526364,82.62065
16293,88.66380555362083,82.84875
16294,91.90411536214012,83.993744
16295,87.72799571870422,84.152275
16296,86.88295625524052,86.42886
16297,79.2860769269236,88.19039
16298,76.82672728201453,87.62304
16299,74.85727974191481,90.20336
16300,74.9209875609542,88.89648
16301,82.67658679940658,89.0191
16302,81.1742690744038,90.9841
16303,84.5968571720723,89.27208
16304,74.63494911752066,91.63379
16305,71.85174976020684,90.20607
16306,75.47796210402169,89.37797
16307,77.05444522463313,89.73449
16308,81.11398726720923,90.29796
16309,82.25580400320999,89.7284
16310,77.13489831930596,91.695526
16311,76.47545265462254,91.2219
16312,72.22067845453635,89.120155
16313,68.29536892892565,90.41786
16314,75.77980097483272,91.59768
16315,73.58159812750465,91.37155
16316,70.75353389794135,91.08381
16317,63.48846005361439,90.678474
16318,59.093300874220766,90.9939
16319,66.72758708852774,89.68824
16320,61.22133364242585,90.32006
16321,54.9777001286136,91.15376
16322,56.00285895136186,92.473274
16323,56.4721888298895,92.80195
16324,54.163072051121645,94.67842
16325,51.95461993943946,94.07782
16326,46.419309759558665,94.22443
16327,41.8689129938875,96.08452
16328,46.22574253341113,95.26688
16329,46.48290904880902,95.52429
16330,47.41446992908303,94.59889
16331,54.40565134223707,95.578354
16332,54.37920284612296,95.34387
16333,53.85651734784247,96.439125
16334,62.20430682936371,96.779854
16335,65.80007716482541,96.551155
16336,66.58961308309308,96.87881
16337,77.93485130188961,98.075966
16338,74.97032699006988,99.52904
16339,72.56584766246814,98.59455
16340,84.15725469519553,97.40996
16341,86.00142116944347,97.01814
16342,90.29478124040315,96.5341
16343,87.34003580615483,97.87167
16344,84.81472602870562,96.71801
16345,84.57790111774209,96.60347
16346,92.62681574712052,97.04311
16347,89.09690193297862,97.70679
16348,76.52209401276157,97.23479
16349,82.91407251144594,98.25415
16350,76.74398697392365,97.67747
16351,79.51433892194174,98.638565
16352,78.88056033530715,97.985825
16353,74.85646204326588,96.98006
16354,76.98695710988406,95.23294
16355,67.00305322956856,93.95204
16356,66.14388886218343,94.29946
16357,63.2911117125946,94.29636
16358,66.643559752583,95.78401
16359,61.09184102858504,94.060104
16360,70.49176825452277,93.04653
16361,64.9745715715074,93.19014
16362,65.6755351630993,94.64754
16363,60.61343787287885,94.193665
16364,67.06793919436714,93.48049
16365,59.93026917868518,93.466736
16366,56.2209531353523,93.2022
16367,55.18867321970444,94.855286
16368,52.74567525739122,93.36226
16369,56.62248462139302,94.501564
16370,53.50655911759482,94.869545
16371,51.12488183310108,95.76982
16372,54.91963832539327,95.23307
16373,48.32137749507141,94.09912
16374,44.09834432113677,94.34096
16375,39.04955547398345,93.56431
16376,37.89025046207611,95.00141
16377,39.22225958459206,93.8047
16378,39.352445214752585,93.80667
16379,42.104519715987465,91.438576
16380,42.60053461316332,92.48411
16381,40.79473486976319,90.93647
16382,51.44335205738725,91.342995
16383,59.37862036385308,92.34444
16384,58.21667985112156,91.13224
16385,51.74782634444044,91.91884
16386,54.03212485882995,92.02223
16387,56.78825012205076,94.02526
16388,52.82309724703399,92.74098
16389,53.686497146004925,93.04904
16390,58.56365938557403,92.24719
16391,64.13933996737067,93.93291
16392,68.88799492780655,94.93637
16393,65.31092997861177,93.280136
16394,71.48834763723855,92.99372
16395,72.20023519553042,92.52385
16396,75.97387610336263,93.600555
16397,75.87837704890259,92.51056
16398,77.40375930223722,92.88171
16399,78.6927606959549,92.07695
16400,74.66096029426379,90.761154
16401,77.01436894265501,91.109344
16402,69.1197808039094,88.04447
16403,84.83624533637621,87.42272
16404,89.62658749210301,86.03764
16405,95.17427674024567,87.61591
16406,96.91423128752336,85.87291
16407,99.8044523468768,84.13219
16408,99.97912311677864,84.32962
16409,100.0,83.73677
16410,100.0,83.99818
16411,100.0,83.08241
16412,100.0,82.99965
16413,100.0,82.151276
16414,100.0,82.95475
16415,100.0,82.22796
16416,100.0,81.52605
16417,100.0,81.74082
16418,99.03788931565238,79.09228
16419,92.52340289143405,77.21145
16420,86.65008959730599,74.72365
16421,86.23222914603204,76.35118
16422,82.23364617087836,76.12597
16423,84.45956679299532,74.35177
16424,87.52525076906774,71.969345
16425,91.5458676390854,68.24771
16426,89.85567973877693,70.13002
16427,93.97511133666256,68.418304
16428,85.11910105950261,67.26238
16429,78.81874590866384,68.0507
16430,85.52997396415483,66.76795
16431,80.65252962433694,66.28762
16432,85.15152020070018,65.91209
16433,78.64728657087761,63.82135
16434,74.54037408624434,63.99227
16435,84.04818923341978,65.5687
16436,85.39226790823987,64.144196
16437,87.20773887233405,63.94144
16438,97.50051058068529,62.94326
16439,99.3763870317438,63.07856
16440,100.0,64.092995
16441,100.0,62.733494
16442,99.07356322250254,63.73551
16443,94.43717780201888,64.34718
16444,98.36527959652274,66.388176
16445,95.4709959272122,66.333046
16446,100.0,64.540474
16447,100.0,65.25054
16448,100.0,65.64282
16449,100.0,67.72645
16450,100.0,65.93307
16451,100.0,65.991
16452,100.0,67.5223
16453,100.0,67.09762
16454,100.0,68.6899
16455,100.0,67.66643
16456,100.0,68.928925
16457,100.0,69.91872
16458,94.62193420372176,72.30552
16459,100.0,70.50912
16460,94.91221189443432,72.118225
16461,100.0,73.51227
16462,97.91553753493687,73.536125
16463,97.74007500605089,75.37455
16464,97.5699877496692,74.195076
16465,95.0617237537251,73.46313
16466,84.40454640056174,74.07166
16467,89.6567843776367,75.90863
16468,83.6958086769736,73.42781
16469,80.07238729162482,72.08761
16470,73.10567487618374,72.159134
16471,68.47318273680891,69.729866
16472,70.80915934685038,71.53582
16473,76.86199217234213,67.511925
16474,72.46790720609981,67.96509
16475,79.02051155680714,65.66295
16476,74.33004145238658,63.86855
16477,75.7885764675965,61.86326
16478,86.59263914615367,59.948444
16479,83.23089806089754,59.073135
16480,76.35962918089497,58.853954
16481,78.98669821508588,59.209824
16482,83.43937826967287,56.77995
16483,93.58074816264882,55.43955
16484,92.70330236239504,55.332783
16485,80.95081746864814,56.06787
16486,86.31128143904581,54.50158
16487,86.15018030501582,53.437744
16488,76.45662966779854,51.3225
16489,83.82415924915834,52.97053
16490,80.8801476835838,55.15162
16491,84.36021449266266,53.34323
16492,93.0062109102264,54.37969
16493,85.13849316331296,55.127724
16494,85.80331839490935,56.238686
16495,82.79112490536002,55.778336
16496,76.84488653667556,54.59541
16497,78.13698270700193,54.83477
16498,72.0770883581666,54.98825
16499,66.36071481565952,55.384666
16500,71.15256088009276,54.222168
16501,72.51658277748874,55.3954
16502,65.9580167543823,56.754356
16503,59.81570579665363,60.34545
16504,62.9064500482456,62.07917
16505,57.154211175816535,63.82599
16506,51.17785419550625,66.45613
16507,44.95433533055362,67.86548
16508,40.2466675867316,68.835
16509,42.31739960840024,68.602486
16510,40.76171771407782,71.392586
16511,35.722098630573576,72.83856
16512,35.73638136857187,74.19198
16513,30.002275221786853,75.84095
16514,29.88180395203612,76.47386
16515,36.50613163910455,79.942505
16516,37.28840629399886,80.86728
16517,45.671677215233096,83.83452
16518,59.49900947631642,84.520966
16519,52.552841648642485,86.64776
16520,43.102791275143005,86.46251
16521,37.115266841789335,87.12128
16522,35.16743982002924,85.95877
16523,41.86873617482594,86.00415
16524,43.04766586058587,88.377464
16525,48.085628881949496,88.66288
16526,49.3261219274367,89.63067
16527,46.369688691875865,89.4493
16528,48.4944894578006,90.689545
16529,51.57811218474174,90.61602
16530,49.49689303638813,91.71375
16531,45.11128381270523,90.92089
16532,47.51140150780991,90.97045
16533,49.533181265840376,92.11548
16534,38.79780514137847,92.679855
16535,37.97018467250969,92.24685
16536,32.8429384603405,91.74175
16537,34.96926116197865,93.60676
16538,35.0304683160217,94.061485
16539,39.506783182806096,94.35431
16540,39.490374719344,92.04126
16541,33.83466298955732,90.2354
16542,37.1168795283622,90.65514
16543,36.495371017569,88.51148
16544,39.79306296756749,89.29362
16545,40.47622765726166,89.47062
16546,36.04982715375501,89.81049
16547,34.82099609514213,90.89494
16548,35.63716846675347,92.041534
16549,34.87174272076259,90.82536
16550,38.37372381196507,92.51162
16551,44.86909022645983,92.902855
16552,52.03172668049059,92.81357
16553,46.819032683106414,94.10212
16554,41.21853216216663,91.40831
16555,36.16845931434575,91.027824
16556,38.05185801523103,91.18606
16557,26.42016592140348,90.31204
16558,29.291676005862588,92.51003
16559,27.397834640485865,94.00098
16560,30.16614793745748,93.97664
16561,31.530982466700515,95.68062
16562,29.67812508756001,96.47859
16563,33.8693247575962,96.52966
16564,32.91968494363279,96.60289
16565,33.94453945038372,97.004166
16566,42.83597470219687,96.712234
16567,45.78867857475105,97.24284
16568,40.78894954862724,95.402275
16569,42.42837195564864,95.1453
16570,46.09408068874333,94.57678
16571,40.61612181658871,95.52254
16572,43.93031320893563,93.75446
16573,43.70987440538148,93.28603
16574,45.56896741148713,92.72451
16575,38.13535232182232,93.34357
16576,42.69060900679042,92.868324
16577,38.5908330749633,91.86781
16578,46.24385457595401,88.29048
16579,50.61078732321264,88.419426
16580,55.430608786693455,88.581215
16581,58.038291925236415,88.41124
16582,67.00617272390286,88.358215
16583,68.13257170589658,85.17681
16584,64.47750747712384,86.200226
16585,60.77646874090468,89.31729
16586,48.90952442456352,87.07844
16587,57.616797562054366,86.459465
16588,63.07805344318514,85.78794
16589,69.89866891450026,85.82214
16590,69.42559015115833,87.71631
16591,65.77731116449385,84.374596
16592,60.63856701215944,81.46511
16593,65.09569124539341,82.18249
16594,55.30954435516156,81.60664
16595,57.117552861325,80.79884
16596,61.933936605111285,80.65778
16597,63.35822946645598,76.92736
16598,63.68618879932964,79.121796
16599,67.36124535567335,80.915855
16600,65.64131477207329,77.894226
16601,71.03373233711959,77.97216
16602,76.76732459609012,77.6527
16603,73.28916741590754,78.38296
16604,78.39224392982403,81.08365
16605,83.04918006181487,77.5164
16606,74.55460049707006,75.927956
16607,79.89264214578046,77.14695
16608,72.7267651927818,73.92793
16609,53.23719897323734,72.41291
16610,50.740040582499766,70.9748
16611,54.86491859692737,68.24536
16612,56.55814937719367,70.09114
16613,56.9321362248001,68.50916
16614,60.96175383873484,66.141266
16615,59.50517179555324,66.233444
16616,64.75678662379872,64.92076
16617,67.95287531831929,63.62243
16618,66.88545254455798,61.79867
16619,63.41147491877784,58.178333
16620,67.00669438446143,57.355247
16621,67.1681818442621,57.48354
16622,72.86645964582732,55.470234
16623,76.88871060062044,52.856884
16624,81.5199732203321,52.705418
16625,79.07421245604145,53.624115
16626,77.55242846731056,52.448887
16627,72.6188696573275,51.786896
16628,68.5854610404164,49.588833
16629,73.34909908736903,48.2601
16630,66.8870496962848,49.181034
16631,71.89844495552086,47.470566
16632,78.39688813491193,45.71572
16633,74.48458108528635,43.131393
16634,78.40119745942047,39.071938
16635,82.04770752650018,40.465973
16636,77.12522834211532,40.16301
16637,74.24571271033797,40.141056
16638,62.07506098503749,42.41951
16639,59.25635383406485,43.58315
16640,68.94380627569343,43.879227
16641,69.4355702588101,43.280704
16642,72.44668237988296,41.940407
16643,77.23145536269018,41.318165
16644,77.25743630892877,41.49849
16645,73.67892555387405,41.61042
16646,75.63951212641153,42.1611
16647,71.47006785949695,41.09183
16648,75.94107353229197,39.304565
16649,74.29683673210123,40.96676
16650,69.64021909171561,41.901497
16651,63.202981533776615,42.430634
16652,67.2022344896203,42.694256
16653,78.38344831345442,42.8775
16654,77.49004354340998,43.01277
16655,75.95602899826159,41.31959
16656,75.21672551780148,40.50733
16657,80.23262300721306,37.791855
16658,75.6429863545803,38.91339
16659,68.25238925204377,39.00261
16660,68.51934183744578,38.585007
16661,64.4906531517722,37.069763
16662,51.10063711504216,36.92547
16663,43.584278559663055,37.897182
16664,48.596312497822126,37.463074
16665,45.37836902488008,38.62806
16666,44.37176676421512,37.648697
16667,49.31766917713162,36.087173
16668,40.49739782836449,36.78192
16669,42.52353904852576,34.66134
16670,45.13175277399103,35.526306
16671,42.00712177705984,35.18625
16672,50.00803220848736,37.499535
16673,56.93419908096684,39.03895
16674,55.940398432799846,39.85086
16675,59.328441570089645,39.112778
16676,54.65783860898868,40.778603
16677,63.45016185415703,41.168205
16678,73.3805188184251,40.62528
16679,68.20505622136369,41.86847
16680,60.86003027487296,41.30356
16681,53.68534100499448,42.35161
16682,49.85317216660835,40.880825
16683,50.9620360350429,40.139774
16684,47.32866398551613,39.758877
16685,49.95453527868826,40.19519
16686,54.9320984973706,42.959663
16687,54.20974437314828,44.42981
16688,56.17691733659066,44.73733
16689,53.66603045601605,45.812065
16690,49.89596457250409,49.297043
16691,48.2907565743276,50.512196
16692,51.08518676280411,51.43926
16693,53.56629492600499,51.681473
16694,58.24412988052908,53.071957
16695,56.73093556429348,54.212074
16696,62.16049443732218,54.035164
16697,61.3597965461409,53.84597
16698,68.07431897469218,51.687973
16699,72.00225478863094,54.64956
16700,79.51127874787272,55.86695
16701,78.14811098022082,56.536648
16702,74.70664213727777,58.193867
16703,76.66803338125912,61.534595
16704,82.24473516766942,61.446392
16705,81.78032482328999,63.845806
16706,88.06270115662886,61.559418
16707,85.94920996511384,60.230705
16708,89.27793719627964,62.32706
16709,92.23719083995772,64.1712
16710,84.55399489041706,66.143394
16711,83.46286289639738,66.130806
16712,72.78692178022781,65.08302
16713,77.3722490778063,65.327255
16714,75.73230924895603,67.73373
16715,70.97974399765083,66.834
16716,71.15369342179955,66.11268
16717,66.20170431628974,64.80281
16718,72.00295867933772,64.73493
16719,75.80405068286272,65.24168
16720,77.56449116060836,63.970837
16721,72.15095947929296,62.55621
16722,71.21656312998697,63.92907
16723,69.36076139649968,64.29269
16724,73.34605566181945,66.13987
16725,77.96383483997812,68.72039
16726,82.13596589243969,68.77421
16727,82.97692927274089,70.88534
16728,77.0552504417667,73.066795
16729,72.63587891442982,70.8048
16730,69.42954568582184,70.35989
16731,80.91243570625183,70.23207
16732,76.3647943344135,69.420876
16733,82.86256529275441,69.21308
16734,84.8092273623371,69.502075
16735,84.29648623437276,67.90011
16736,86.07621331199519,66.83296
16737,83.26524976138482,66.88875
16738,87.46514722721977,68.1409
16739,85.35577138958628,68.4875
16740,87.95992678924308,67.41188
16741,80.52074299934534,67.88257
16742,83.09066272010976,69.12169
16743,81.10683392695648,71.439026
16744,87.48326731707908,72.997154
16745,84.02785213247344,72.58353
16746,78.79390736851599,73.26134
16747,69.61891876595956,74.37145
16748,76.80581179623354,72.3524
16749,78.09754904169048,72.088
16750,72.61413644041181,72.06322
16751,64.36454068430871,71.916245
16752,71.72209114522154,73.45536
16753,67.61655056597174,72.051
16754,64.3646333409024,71.894554
16755,62.95887202524961,75.83476
16756,70.53175414398216,76.06336
16757,79.73438008719134,74.79357
16758,79.73252515492086,73.22177
16759,88.03418579984667,70.29882
16760,87.24607421612544,71.6681
16761,93.58858794766408,69.650696
16762,84.2591929460657,68.56672
16763,84.25003393693352,69.25203
16764,83.289522344754,69.16537
16765,80.26302672797523,68.026924
16766,82.86428340922072,67.08686
16767,75.00858616614869,68.33538
16768,83.33198257133736,68.03046
16769,75.35460128396366,67.69582
16770,78.89341581476896,65.59506
16771,75.33210479238686,64.48147
16772,76.37677417080693,61.86608
16773,81.06037849555749,61.488674
16774,78.53195805847332,61.046722
16775,82.52158144222642,60.40066
16776,85.42544569658747,61.534843
16777,88.88913441037782,61.108463
16778,78.49391477819835,60.159603
16779,86.14575857406612,60.197426
16780,94.84024566137305,61.914352
16781,97.66159417607138,62.867496
16782,89.89470384679466,60.347214
16783,91.51301466890924,57.189938
16784,83.5899718906671,57.86254
16785,77.80446995184327,58.7457
16786,70.51916879784098,56.743893
16787,71.6754023842559,56.75101
16788,63.42426857165332,54.018116
16789,63.002101073093286,52.098785
16790,67.73543474145512,53.33285
16791,58.83901341819537,50.633286
16792,59.286089992721145,50.270317
16793,52.60887766387612,51.310135
16794,48.49434369278388,50.66485
16795,56.83137360986857,51.995117
16796,53.19621760928712,52.912422
16797,56.07861405783685,52.747543
16798,45.02643495993091,57.21714
16799,53.43614961748487,58.875877
16800,44.70779490111039,60.101803
16801,40.65428055140858,61.133068
16802,44.57081759849063,60.40976
16803,42.27631697688528,60.857655
16804,45.26308807228047,61.194202
16805,45.42554467150964,60.69162
16806,48.46013822687806,63.444164
16807,42.84235101029854,64.14837
16808,35.63683727287258,64.65239
16809,32.84128949654887,64.73076
16810,35.32614815619323,64.40487
16811,42.46635435089233,66.013306
16812,37.14199889485482,66.675156
16813,38.33426221201875,66.852486
16814,32.28251691811159,67.19068
16815,32.13591676478365,67.31641
16816,25.35804431774528,69.5622
16817,22.467942183325,69.54781
16818,26.875541363860307,70.14145
16819,34.90164685917308,69.988655
16820,40.2523900426332,72.07519
16821,35.38631861967543,74.39141
16822,45.068710890686205,73.75736
16823,45.01838998744832,74.199196
16824,39.680292169851946,73.43991
16825,35.48214243373435,74.50171
16826,41.15018845053204,75.70675
16827,43.60539680539086,77.01467
16828,48.583951874251845,76.429886
16829,59.38542670184232,79.24715
16830,60.45235022487635,78.70228
16831,59.34911157582571,79.47311
16832,55.23878055572019,79.75955
16833,48.88466026154744,79.2337
16834,41.04814813153642,81.38549
16835,33.1360195098196,78.64387
16836,38.40241889735712,78.93865
16837,34.9360697190276,77.331085
16838,36.73470210056201,77.52416
16839,40.64200294467518,77.1407
16840,34.899845823952994,77.37712
16841,34.33966227317173,77.75993
16842,40.146799163425065,77.22496
16843,44.36588830835441,77.23531
16844,48.88236163576077,75.64153
16845,44.47524004018688,77.314316
16846,41.56846657352617,79.38241
16847,52.22232037519444,81.36792
16848,50.9761134692499,80.08183
16849,54.65658198745433,77.53992
16850,55.314110223362405,77.442825
16851,65.12652855866875,78.577324
16852,60.49533874572288,79.50168
16853,58.25654801915128,76.28046
16854,49.60410810400205,78.186844
16855,46.28499869183426,78.23823
16856,45.01802219913908,79.70801
16857,43.44645585142681,78.49465
16858,47.95040486881381,77.904976
16859,48.54480647576485,80.30175
16860,51.36230679849864,80.2177
16861,53.02144251173446,79.35368
16862,47.635552527989226,78.29765
16863,43.26783505386284,78.55809
16864,42.0414146821663,79.81484
16865,41.01071747477048,79.106346
16866,45.84104361243149,80.26105
16867,49.32099320347141,78.56215
16868,47.46830940798328,79.737366
16869,44.249210584010655,80.20346
16870,42.85018556207143,80.16832
16871,47.130978018414936,80.89946
16872,52.067507022749126,79.43703
16873,52.017413736251385,80.06889
16874,55.94958812646255,76.55892
16875,51.80408232568522,77.71786
16876,49.94943461927371,74.693436
16877,54.502110805497566,75.81119
16878,53.37902099288781,76.90459
16879,57.30397556404066,77.84957
16880,54.90738017113936,79.42312
16881,54.74454923854614,78.74455
16882,52.72626312970099,81.45748
16883,62.21848110192104,81.73806
16884,55.591266657744605,83.27037
16885,62.51705218502622,81.30594
16886,65.70615324266517,81.96314
16887,75.02083359527344,83.087036
16888,77.46666895380226,82.615814
16889,79.53338072739078,82.00637
16890,77.69243812408106,79.76793
16891,71.02291184311714,79.90051
16892,74.20285361638672,77.24469
16893,70.73650762649694,78.42782
16894,71.3776556664409,76.418655
16895,71.61958963843834,74.83226
16896,69.63156341882299,72.409035
16897,81.41953167106094,73.870575
16898,74.98716777115612,70.34674
16899,74.13904787522476,69.10276
16900,71.48816611262113,69.02932
16901,68.85981521983994,68.52893
16902,70.28203496730549,70.5313
16903,58.68430071944889,69.58021
16904,60.11474837486925,69.607834
16905,60.421068194922334,66.13079
16906,55.50417147591664,65.601974
16907,55.023820805648846,64.22713
16908,50.17467556700379,61.88013
16909,49.94219179933421,61.054314
16910,46.20713574379382,58.372
16911,41.88780074820993,56.42291
16912,39.00348911653082,53.04353
16913,45.74700392255588,53.653996
16914,39.1298696960652,49.0086
16915,32.22833577517361,47.651688
16916,37.05109649341653,47.00295
16917,39.48887952755042,46.886776
16918,35.61247096352305,47.465714
16919,40.34608902247038,43.939476
16920,49.603465616329984,44.775303
16921,48.8050616551492,41.72151
16922,44.37528134613152,42.78331
16923,42.56094501416111,40.855503
16924,41.00903961422903,39.207005
16925,31.963385595154858,41.09149
16926,32.50090489793931,41.036636
16927,36.546420196177145,41.88966
16928,33.482923380958844,39.32009
16929,38.92940325069946,40.1303
16930,34.17479072813267,40.11124
16931,34.05400893335981,40.881203
16932,32.97914266319142,41.4601
16933,36.624859959825045,41.0122
16934,48.90432970579671,42.04992
16935,45.17108187499901,39.8433
16936,40.92110364714208,40.728554
16937,46.51095016171013,38.551105
16938,58.75407741970561,38.413532
16939,53.60907993241979,39.032593
16940,50.89042029276843,40.595207
16941,56.87934883791335,40.909904
16942,50.21026708044903,40.891335
16943,56.50988450356797,42.038883
16944,51.03753612748683,40.06299
16945,55.14661475414876,40.953365
16946,65.46633414057493,41.322067
16947,63.78230076725388,40.202923
16948,45.96391379685775,39.614075
16949,44.67109221067523,43.385155
16950,44.30922999532635,45.880512
16951,40.77664805296692,47.300407
16952,37.99110068287483,47.245552
16953,38.1386130821523,47.415863
16954,34.61369070235119,49.293377
16955,39.75732503404994,48.24536
16956,46.88266068213104,48.35403
16957,39.22773113336224,48.083595
16958,40.97994857564144,47.700565
16959,43.650663592632014,49.15048
16960,39.431270836292725,46.84579
16961,42.48697640988104,45.103535
16962,47.54950184089671,44.822697
16963,47.22771981996033,45.594635
16964,49.85456327941892,45.868282
16965,60.4093479619779,46.877037
16966,49.856818843041445,44.087074
16967,43.8322981152273,44.789345
16968,55.313223478500525,45.60243
16969,61.33012886662721,46.038776
16970,58.32696691030019,48.1482
16971,56.66613998487091,48.782158
16972,60.5078338284407,50.377834
16973,57.85291392295758,50.81799
16974,60.96539719901105,52.14203
16975,56.78156628645698,50.823174
16976,54.67244622857194,50.19146
16977,53.79383493760269,49.281166
16978,52.37958252459369,49.33094
16979,49.29513408832311,50.25922
16980,50.42334611560864,49.62966
16981,52.07508296466026,51.704296
16982,55.75738826446757,50.255775
16983,51.737549592755386,49.968315
16984,54.2090384901777,50.852997
16985,49.40008905880278,51.602192
16986,54.13825918785288,52.82913
16987,50.76826085897844,53.79159
16988,45.85488701690284,53.57605
16989,50.47658036155269,53.525635
16990,55.11631435190556,54.38344
16991,50.20682685078284,53.696728
16992,47.2258668246332,54.780266
16993,52.266918129918494,56.042065
16994,60.11947021909226,57.405
16995,64.68874361004006,60.876785
16996,72.57909013236142,59.24929
16997,69.05224863825877,61.804466
16998,75.54410062394216,61.205475
16999,81.37794227382194,63.946136
17000,78.00409602598657,65.52159
17001,78.48941166099208,64.00657
17002,70.14596006301842,63.34739
17003,62.55215342401211,62.99221
17004,70.53914567919998,64.37165
17005,67.77034065278716,62.397743
17006,64.63630109515252,62.87623
17007,68.07043561357395,63.26065
17008,64.83063224743456,64.612854
17009,68.43187245297148,66.183
17010,58.54678808556931,65.22328
17011,56.249544184867794,65.557526
17012,59.48936576167404,65.000244
17013,63.09837973331761,63.711285
17014,62.96617356966082,62.6614
17015,64.34933651986555,62.557392
17016,64.7059665189559,60.76921
17017,62.49720014818665,60.22338
17018,65.5477750943425,60.089798
17019,75.57672447670804,58.503235
17020,70.95239604229349,59.362553
17021,59.282244605865394,56.522694
17022,58.9531939047084,55.709248
17023,60.3233395576875,55.15226
17024,66.7633337549716,52.851967
17025,74.28829046410814,52.695168
17026,74.33080853313868,50.12599
17027,68.4049791012955,50.71177
17028,68.34387392199608,48.999264
17029,72.32030244293382,47.336403
17030,61.307780057446784,47.0107
17031,63.43494099072423,46.31602
17032,63.43310659052335,45.273052
17033,63.91153242510125,44.417892
17034,67.50708009965822,43.792274
17035,62.75480848924419,40.83646
17036,69.81348833192457,42.5189
17037,63.350060648502165,40.987286
17038,64.82895047637423,38.269325
17039,63.29856941279184,38.307156
17040,57.28944321774603,40.109337
17041,60.37402129463678,43.796497
17042,51.60504832927338,42.08876
17043,64.03557539201974,42.607754
17044,60.20367734472237,44.572433
17045,55.70220504231854,45.90203
17046,68.56155426206463,44.12867
17047,65.80076479368313,44.550816
17048,59.64483191790447,45.43167
17049,56.99985753550501,45.779366
17050,54.49692689971765,45.92035
17051,56.62645178173046,42.348873
17052,56.69661500201951,42.34445
17053,65.19114334170666,44.0609
17054,69.60718382091491,45.471992
17055,72.60162943211213,44.619392
17056,75.77761765926144,42.903366
17057,77.33400755369696,44.61667
17058,75.94569113183948,45.844036
17059,77.26959108732926,46.802025
17060,70.97887429743041,45.336197
17061,69.70422203874833,46.56723
17062,69.85752902867112,45.713272
17063,59.5849006645739,47.22887
17064,71.52058499030638,46.800636
17065,70.90497183904216,45.43699
17066,75.46380357807972,49.288273
17067,80.53693186173321,51.677715
17068,73.06585350365532,50.98279
17069,79.00862801241976,49.37565
17070,77.90938513031129,49.76503
17071,72.07186364167477,49.54741
17072,80.99070032012445,51.64689
17073,85.50214487523627,49.555393
17074,82.82312937164,46.848377
17075,80.27865533910804,47.439095
17076,85.39214595582207,49.5285
17077,85.96464073418646,48.5354
17078,85.78127750672303,47.05399
17079,79.77532095429405,48.81443
17080,85.48543004964165,48.208275
17081,91.4761563866698,48.47403
17082,88.52648595515285,50.032204
17083,90.31453452701012,49.259193
17084,89.61488076642617,50.57119
17085,91.64291157913767,51.82008
17086,93.09154365749544,51.515587
17087,98.5067098013889,49.155975
17088,100.0,51.363346
17089,100.0,52.189587
17090,93.53594998752914,51.491318
17091,88.05651693504785,52.63852
17092,85.73568951522793,54.325855
17093,77.37392647631115,54.89341
17094,81.02902829894724,55.744114
17095,70.59184537580141,55.243584
17096,62.04438279776292,56.971954
17097,56.07145447780324,58.486084
17098,59.198589966951324,58.064682
17099,55.83059215685554,56.345406
17100,57.88165827275619,55.74554
17101,58.04976488511742,56.378044
17102,50.61291805814137,58.258827
17103,42.546829828244086,58.52093
17104,37.27536082591477,57.779106
17105,41.60659409931187,58.40638
17106,41.50593426993359,59.87403
17107,40.65137356991564,62.377983
17108,39.70607467179708,61.362167
17109,39.46722261076233,60.75536
17110,38.25203916843647,61.58901
17111,34.65523285113551,62.79079
17112,36.62151335925118,61.302242
17113,36.98172901455793,59.683334
17114,46.49162788293679,59.51226
17115,44.82533085910326,59.59639
17116,45.973812074888286,62.48923
17117,43.24577935993372,62.837334
17118,49.80654086025708,61.918446
17119,48.45896865255991,64.29626
17120,47.14016777272752,64.71988
17121,42.61725593499425,67.52019
17122,42.37544371209749,69.23474
17123,41.259533062206735,67.20362
17124,42.44994826782557,66.64725
17125,35.3007355005049,67.62821
17126,37.1740792368056,68.27815
17127,32.548093238478856,70.31169
17128,41.44536306529583,67.20426
17129,36.20101415319481,66.40015
17130,39.10029447842568,66.07793
17131,46.19008182052579,65.25953
17132,39.58146483752428,66.25681
17133,40.96852293986388,64.40112
17134,40.55752583437733,64.29365
17135,44.13992178251004,64.25732
17136,37.27103090012814,65.920105
17137,33.274708531775936,64.11763
17138,32.06440021473962,63.714573
17139,35.19030088885656,65.80501
17140,42.45335717215625,65.75637
17141,38.19284301266331,66.16474
17142,44.69936906650451,63.619053
17143,40.09379111743701,63.393303
17144,46.79629897692514,62.775677
17145,50.854612384767165,64.8795
17146,47.55717334442303,66.43832
17147,48.27850672720008,64.03677
17148,58.629461631341,64.23622
17149,59.0765050531758,64.29047
17150,47.94277228486886,64.59267
17151,52.858380385924136,63.62024
17152,43.59454295431795,63.31274
17153,55.87509190438583,64.16603
17154,58.12890152846344,64.5259
17155,59.18926823584648,64.55742
17156,57.92058989178105,64.333145
17157,51.99182781791461,65.23343
17158,52.14176102801481,64.04319
17159,47.25253957005755,65.16093
17160,50.973244006399874,64.17383
17161,50.4864647580027,63.85312
17162,55.83492059285792,63.743145
17163,48.25769379637315,63.34388
17164,56.5757098021467,66.25009
17165,63.50597297222116,64.29039
17166,69.38406798742238,66.576706
17167,60.69786203617985,68.87915
17168,63.73135647404119,67.72012
17169,68.1386176387044,69.04114
17170,63.86310270939052,66.973076
17171,63.14314284579231,67.540695
17172,70.21281697375322,67.28812
17173,78.46138460388407,66.696945
17174,79.51002466320044,69.0587
17175,85.99545958396182,68.37813
17176,88.1465934479149,71.454346
17177,96.63491857006666,71.4597
17178,100.0,72.59477
17179,86.46154001141088,76.44539
17180,86.57898667089461,77.83606
17181,79.21935810656375,77.25566
17182,86.54388465135742,77.91243
17183,84.72407858916449,77.61221
17184,85.65440953706397,78.65864
17185,80.93161200979381,80.27107
17186,75.07797421500054,78.20406
17187,84.57350034828565,81.297455
17188,82.17457066017343,81.1778
17189,88.5112271135689,80.28674
17190,80.16647909251571,82.751236
17191,83.91610492500864,80.24697
17192,78.24754589996185,82.09596
17193,86.3205801312858,83.02448
17194,82.80949592352829,82.52451
17195,88.83253642906463,82.76452
17196,83.20140419262131,83.62014
17197,89.56067275753037,83.31227
17198,91.33252903960496,82.75653
17199,90.9031698161751,82.27226
17200,86.52076241638463,80.33133
17201,91.5385012731556,81.43304
17202,92.39306503655476,78.89524
17203,85.94508482670473,77.382416
17204,92.63141893018022,76.12341
17205,92.0543377750292,73.21295
17206,92.36555709479592,71.98457
17207,87.89655992634012,71.22353
17208,92.95993754999914,72.22949
17209,100.0,70.62478
17210,94.33408379507752,69.81252
17211,89.6425444905602,67.512856
17212,98.86034244784344,68.71776
17213,93.31694935267586,66.439674
17214,83.54661701709153,65.09959
17215,88.80219395899961,63.7275
17216,91.2130650652152,60.845715
17217,92.35635706146115,58.86221
17218,98.14143640052784,55.651028
17219,100.0,53.23613
17220,97.13633853819763,51.888424
17221,99.1066255483026,52.934036
17222,93.85317777517318,51.081135
17223,100.0,47.611572
17224,99.77959384267066,45.787308
17225,96.89797275067347,44.707954
17226,95.863824122971,46.59027
17227,98.9647583737369,44.491066
17228,96.7342979650486,44.47397
17229,98.48884899450825,43.174362
17230,95.43931880027866,42.75944
17231,92.4359699214628,41.66764
17232,88.52569686851831,40.267094
17233,83.83842633869608,39.917934
17234,75.58668755884626,39.37189
17235,74.61877486800957,39.849346
17236,77.989359812769,38.897514
17237,83.96173663898622,39.1696
17238,79.26258306416537,41.26882
17239,76.99831898708032,40.110413
17240,79.13336295393162,41.510986
17241,88.19146722687337,41.692833
17242,82.6349600686193,43.644566
17243,77.76375944465856,43.58923
17244,68.12833636768046,42.584747
17245,66.25397943288397,42.109905
17246,73.29794703036927,42.185177
17247,63.88464003213423,42.934837
17248,68.71181313432017,40.243797
17249,56.92748614633221,41.21737
17250,56.15689563781898,38.74804
17251,42.14881080796176,43.425804
17252,45.02186873238959,43.73099
17253,34.757679395020155,42.313553
17254,31.244120119593667,44.099617
17255,37.66961848778869,45.10516
17256,42.14973503040584,47.736794
17257,37.02028701283172,45.63765
17258,39.80275979278004,46.311928
17259,31.919774415570046,44.14322
17260,39.634136347172245,46.72058
17261,39.98095210767222,46.635372
17262,42.73424661453296,46.701897
17263,37.28205035051053,48.4199
17264,41.468979015368944,46.7703
17265,42.35556276594097,49.223686
17266,38.68837184637326,48.691845
17267,37.9977692464892,50.67464
17268,41.01992696107634,52.959023
17269,49.31089382355481,54.162178
17270,46.9449172023457,52.609703
17271,49.76862024087679,54.77991
17272,55.93582736579018,56.277756
17273,56.0371730920541,55.76187
17274,50.0431594443574,59.246155
17275,52.71702243756267,60.29251
17276,61.15322537520941,64.736496
17277,68.16216075778904,62.69052
17278,63.82794037368732,63.113503
17279,56.778475666190815,63.3213
17280,65.06796499250406,65.88276
17281,62.46634413107858,65.89099
17282,69.76591208627582,66.19818
17283,71.95592218191456,65.71568
17284,68.58566173645163,66.46115
17285,59.74881621108116,71.201164
17286,61.02460566959926,71.20679
17287,55.77736292170034,73.56242
17288,50.685662611986416,71.98059
17289,45.574250335657474,75.47435
17290,45.63596900789846,75.37629
17291,54.459471748296494,75.600204
17292,63.37248700308688,75.549965
17293,57.694422200053694,74.892944
17294,65.2020705939431,76.33656
17295,65.08552803324588,77.934044
17296,59.38262634993693,80.274025
17297,62.54658400100784,80.67046
17298,64.71541502817375,83.31851
17299,69.93005645641385,84.44187
17300,73.96360182060694,85.55297
17301,68.07096290691337,86.57932
17302,70.67495057088347,85.34354
17303,75.71202143184344,87.52197
17304,75.62024355519777,87.06239
17305,81.17932490132169,88.440575
17306,83.6189459878425,85.43144
17307,81.60437938240099,86.79955
17308,84.69200108991309,86.64261
17309,85.52885930075809,87.03379
17310,91.76116456923404,87.52788
17311,91.93053607663768,87.71469
17312,86.1415240116871,87.080734
17313,86.70527973626635,86.24957
17314,84.8248613706634,87.14291
17315,83.17278785534909,87.90691
17316,73.44114445502073,89.958305
17317,79.65767736063881,87.85487
17318,83.60220725933317,89.49614
17319,77.14365489567577,90.985794
17320,66.55875237582623,90.986145
17321,76.47369163875697,90.96708
17322,71.6309873703873,92.41263
17323,60.90186056041806,91.17415
17324,57.60132030791302,91.64632
17325,59.979452026896176,93.15227
17326,59.173584782549085,92.5145
17327,53.68293174884859,92.952
17328,42.54436406429856,92.122604
17329,45.42084612847429,93.494125
17330,51.30682110427959,94.69509
17331,48.06102334616792,94.08274
17332,43.175044547215,93.982765
17333,34.333237286181486,94.35681
17334,40.26284720448999,92.10255
17335,39.87004346404602,93.22221
17336,28.406838278985816,92.059494
17337,33.34706711415066,90.278465
17338,31.244397204747493,91.1557
17339,36.15864073367274,93.26671
17340,46.05368448881106,91.23456
17341,38.676974745131744,89.89314
17342,31.16855474260373,87.44679
17343,29.3259699888857,87.93205
17344,28.681502752772897,90.26441
17345,35.16560838471356,87.07007
17346,36.854999671537776,85.35399
17347,42.027455904676366,84.04356
17348,44.24999492021542,85.253006
17349,37.18115264080441,84.23818
17350,42.39294833778429,84.05546
17351,47.82791847299144,81.03232
17352,45.53042481066436,79.66986
17353,42.67506024111814,79.751
17354,41.51048286878127,76.378395
17355,24.587588831485387,73.79873
17356,25.518202207078968,70.53496
17357,26.802399111779888,68.25386
17358,25.731529562356425,67.96843
17359,25.228762302092147,64.90837
17360,21.855196262852363,63.313404
17361,18.052552572115868,59.581566
17362,18.224512123622368,61.413937
17363,23.467730336831664,59.76724
17364,25.610330863395998,58.912582
17365,24.446895602606983,54.728867
17366,30.91515070351116,54.882572
17367,27.108484464160448,55.47284
17368,37.90568417951542,55.794918
17369,33.62980198319813,55.318974
17370,36.00271554181183,53.111103
17371,30.293560883870075,52.229397
17372,30.64218455313712,50.765156
17373,35.087976125022095,49.143784
17374,35.48487055973634,46.88374
17375,39.281270188761376,47.315285
17376,37.26440217113163,47.348564
17377,37.85744601605565,44.169937
17378,43.09783995545922,45.459373
17379,34.65621988655188,46.085613
17380,39.08368611589698,45.962894
17381,33.46978519305297,46.66482
17382,35.4188880211979,46.636936
17383,38.50986993088517,48.83429
17384,22.879124443149795,50.33545
17385,23.827176339752032,51.011044
17386,26.648976622010903,49.16695
17387,25.69752905970907,49.419212
17388,29.653624990826657,49.492577
17389,32.33317025293975,52.166504
17390,30.82627971619831,54.211643
17391,37.31072943046592,52.403492
17392,29.3561842072449,54.290768
17393,30.71553087015852,55.19104
17394,25.64411204050584,56.17585
17395,25.782200447365117,55.69334
17396,23.299204188398956,56.04528
17397,19.01611137756985,57.104187
17398,27.17366036929443,59.47802
17399,26.533085875692308,58.026333
17400,20.640833565996424,58.112354
17401,31.158204233078656,59.570625
17402,25.203729327624945,60.95176
17403,24.039482623587546,64.05055
17404,21.798414396964716,65.56699
17405,30.89499553362513,65.8098
17406,28.75719396438121,67.77961
17407,29.88410541062013,68.51672
17408,33.478708187889865,67.60341
17409,30.9145207550589,67.564674
17410,32.34761365850396,66.21866
17411,37.17626157960253,66.02304
17412,27.214129427293976,68.409325
17413,35.55745687938878,68.55337
17414,40.31157342569249,67.69473
17415,45.36325630437978,70.22289
17416,36.9131409876095,69.55628
17417,38.33229232204281,71.59398
17418,47.82260521763296,71.85725
17419,38.52927527406278,72.38874
17420,36.44834424939884,75.46416
17421,28.54133803843929,75.018394
17422,37.26885461363723,73.30299
17423,43.5685922266714,73.442085
17424,41.27080211458088,74.00458
17425,42.98489459749389,74.788895
17426,44.12400775764955,73.02912
17427,38.36009341130974,71.64961
17428,36.26671419256387,73.54918
17429,29.184611001626266,73.853226
17430,28.93647649344311,71.047386
17431,31.88963205001604,71.157364
17432,32.40289477338102,71.42476
17433,30.74379316230577,72.26618
17434,30.599556103812606,69.29122
17435,28.802793268926827,66.31769
17436,34.286472508908844,64.451614
17437,30.539423804961185,65.07085
17438,31.87336972051565,65.33033
17439,31.639368242632173,61.96386
17440,31.238478103842283,57.645977
17441,36.37918194352858,57.926907
17442,35.85172958285185,58.63169
17443,39.03394047999149,54.763885
17444,34.11294698292224,53.476425
17445,32.838329847319585,51.0364
17446,38.7704163731308,50.180813
17447,39.38789379565982,50.59196
17448,27.31045868388755,47.88125
17449,28.442574900235428,45.605324
17450,39.175721864124064,45.27955
17451,35.42387487481927,44.030434
17452,31.518240102600743,44.17134
17453,24.628628713670324,41.461052
17454,22.297516894944216,40.31917
17455,19.972416744275968,40.604282
17456,30.35938291109188,37.024784
17457,20.87345950302676,36.829952
17458,21.09846926848182,36.641323
17459,24.35036302925108,34.604813
17460,26.536627775446217,37.525723
17461,32.7928184836576,37.974308
17462,34.57536365054607,34.75139
17463,30.615121319778734,33.944786
17464,30.852282825565837,32.86659
17465,24.83954830595795,31.7944
17466,30.486050210795707,33.80204
17467,33.31427330350046,31.318527
17468,39.99962481477854,32.188725
17469,35.46194406530742,29.669971
17470,27.72019435378346,30.305164
17471,29.104268765061967,32.70101
17472,36.78705322768077,32.788395
17473,35.74760246266982,34.13599
17474,28.323774915501,34.875526
17475,32.25376783010406,34.758892
17476,40.28432823334912,34.111458
17477,50.97764158362575,34.52388
17478,59.30804816289012,33.804253
17479,67.95227856293319,32.64835
17480,74.75425039284123,34.25936
17481,77.97420368138934,31.535484
17482,72.24474310157066,29.601439
17483,79.27446800092748,28.3052
17484,69.32578118429281,28.986036
17485,62.77616696017647,29.790014
17486,60.807660228272,29.725935
17487,68.75210556099557,29.451963
17488,68.2611068128109,29.668058
17489,58.36131787604853,32.628258
17490,67.25133280131801,32.70394
17491,68.7249732527118,31.884872
17492,70.76313359854647,30.44444
17493,65.74235961838382,31.567982
17494,65.24416104076577,31.005697
17495,62.09578822967833,31.109661
17496,74.62973002148293,31.61851
17497,75.93809372723119,30.52138
17498,75.17090279091222,31.942238
17499,73.73591522351525,31.700207
17500,70.67272345712514,31.544598
17501,69.06093787510859,33.370304
17502,69.62443552102623,30.904293
17503,65.05786549669578,34.26046
17504,59.49285145267187,31.134056
17505,42.84772529597994,30.15245
17506,41.41987628733178,29.747414
17507,44.570690501449945,26.982533
17508,42.97440633046581,28.579039
17509,47.69095892447725,29.104435
17510,44.62561241678896,26.889614
17511,40.1504959862305,28.66644
17512,30.85951025532792,29.688051
17513,35.14262575922659,30.56211
17514,30.820994164422856,29.839296
17515,33.57423714766682,29.875107
17516,38.88090852610772,31.043888
17517,35.003367964928145,30.803137
17518,39.43063041218702,30.819067
17519,33.81243510060862,29.543272
17520,36.5787227523624,29.666485
17521,43.37805506853922,32.708176
17522,44.71065426821158,32.752922
17523,45.69263918007379,30.11144
17524,45.53126181297824,30.661438
17525,44.72524463929225,33.495117
17526,42.00420739988901,33.61409
17527,41.234079924595534,32.638096
17528,39.19325179667943,32.958652
17529,37.07703949584212,33.650127
17530,31.399488855057385,34.235336
17531,29.03502549523171,34.195206
17532,31.911899711121407,33.429745
17533,32.202955560907185,32.832645
17534,34.38133121465222,35.886684
17535,37.04591036470667,35.58727
17536,30.327250963439464,36.12499
17537,26.647841674179155,34.85073
17538,30.852584032986133,37.420475
17539,28.789935507850057,37.12958
17540,33.71546462546072,36.05727
17541,31.707707938442077,35.549755
17542,28.36950638848705,33.059395
17543,30.12130460534688,35.436172
17544,22.317306735888703,35.660164
17545,25.938503954204613,36.205776
17546,29.596502145161367,36.163643
17547,29.937333049791683,34.46923
17548,34.35432406549951,36.60119
17549,46.04634476730146,36.480194
17550,45.62786376717664,34.99744
17551,47.27506795357746,33.37846
17552,42.72108872450955,33.344265
17553,48.244401374032,34.65718
17554,43.52600502833479,34.931847
17555,35.53149711783592,30.880621
17556,36.32189118251361,30.085272
17557,34.70672557250791,31.829517
17558,37.186211522011774,31.734428
17559,31.228807730649404,32.54815
17560,30.215209586220315,29.95853
17561,35.81587393752695,29.606419
17562,39.46149937939215,30.618408
17563,44.24859799775202,31.393064
17564,42.89730686747108,31.799572
17565,55.76828742585409,29.381168
17566,49.7916071873299,31.08634
17567,57.25694356742042,30.771996
17568,67.71606874356154,30.76111
17569,66.33315033911202,29.899448
17570,64.35754189879802,32.723915
17571,74.84859481019052,32.663937
17572,84.88653998869187,31.140564
17573,88.37161974564683,31.888193
17574,78.32000724612247,32.190163
17575,85.34430798596097,32.97638
17576,88.75388787791113,33.696083
17577,100.0,32.499413
17578,95.132672191016,32.450436
17579,94.33986429337943,35.545616
17580,90.50583335726276,34.93417
17581,94.19100272051097,35.355625
17582,90.63052035963268,36.82048
17583,82.66502736776758,37.438995
17584,89.32296600458163,38.84848
17585,90.73113785666152,40.41648
17586,84.8503298427955,41.164658
17587,83.60744880519945,43.225506
17588,80.09977403614452,46.0059
17589,76.64447959390738,49.593822
17590,77.79658707754999,51.947334
17591,76.608748002327,51.159554
17592,82.63827621633287,51.29883
17593,87.02711254478777,53.036736
17594,83.44501836907756,54.561234
17595,81.1895596262867,54.21025
17596,83.4546082968128,51.163578
17597,81.5392008719685,51.698257
17598,72.52636697762924,53.972107
17599,79.2273073512852,57.125523
17600,79.77512271044465,59.278275
17601,82.48719001608922,60.49503
17602,92.2416233900452,61.616993
17603,96.13417588575273,63.75605
17604,92.16033156456032,67.15557
17605,88.95532774010697,65.778625
17606,86.24689891127912,66.8286
17607,86.96241633992372,65.4603
17608,94.88409782119956,66.134964
17609,91.17330860363175,64.52389
17610,84.9796202931586,63.746452
17611,93.23764751965496,63.551983
17612,100.0,59.73689
17613,95.59605617175,59.359562
17614,96.90309488733352,58.08736
17615,92.36154577272517,54.964405
17616,98.60322238614178,55.301056
17617,100.0,54.743084
17618,96.67222963866573,54.005444
17619,100.0,54.38603
17620,100.0,54.074806
17621,100.0,53.2521
17622,100.0,53.27339
17623,100.0,54.371975
17624,100.0,53.093147
17625,100.0,51.649498
17626,96.6380061209794,47.103447
17627,100.0,46.712433
17628,100.0,45.187
17629,100.0,44.6019
17630,100.0,45.19004
17631,99.3499280169218,42.880478
17632,95.61615558116864,41.33783
17633,95.63074856258385,39.9283
17634,88.30408523759132,39.252632
17635,85.2623745524937,37.87005
17636,79.1154842096704,39.359406
17637,84.25831473191855,37.432682
17638,81.54920064569474,36.4327
17639,80.10036564289643,35.52884
17640,89.60309165940251,32.97651
17641,86.26413669822638,34.732094
17642,88.22343632838688,34.58293
17643,86.61517810294055,34.639782
17644,88.55395632784439,35.134632
17645,93.92588628606424,35.69132
17646,95.703408450625,35.83166
17647,95.00512880209736,37.438915
17648,87.22363455366154,37.628983
17649,82.01862821589128,37.333458
17650,79.94927902848653,36.74798
17651,75.56471275295215,35.43401
17652,70.23091813963578,35.58139
17653,73.26024519002203,34.639656
17654,66.14414058494121,33.259136
17655,67.63878916613058,34.373367
17656,61.825884638693765,35.035122
17657,63.78030143250097,33.04164
17658,65.97633392640209,33.210438
17659,69.24429421456952,33.748543
17660,57.33141086638827,35.932236
17661,61.00669103451277,38.50299
17662,61.25299967035095,35.668636
17663,51.49042521944422,38.140335
17664,49.682568093350646,36.45577
17665,52.551137571568105,36.82081
17666,48.37112156902639,37.223347
17667,48.97895333313549,35.885036
17668,54.58997808283897,36.351276
17669,55.22587288570763,38.781452
17670,49.57538217173148,41.732246
17671,50.1578445977262,43.172016
17672,45.65855156895542,44.789066
17673,45.94645931497461,46.28661
17674,56.45154047599127,50.678524
17675,51.80728464449223,54.835354
17676,50.197827869648094,54.490845
17677,45.83008725184123,55.231003
17678,41.91814888593151,56.186954
17679,53.38925599533447,60.683674
17680,55.17908359785029,60.065277
17681,43.65746241800096,58.794334
17682,47.31131277686167,59.708557
17683,55.229633063507656,62.51844
17684,49.665301194250944,64.48846
17685,55.82607423453497,65.8329
17686,51.61389973011127,65.94116
17687,49.77804741455156,66.735
17688,44.29145635134529,71.097725
17689,48.15716639501881,72.47615
17690,45.522150838118655,71.69941
17691,44.86402794383024,75.25198
17692,54.69013964710556,76.73217
17693,55.08271900483776,78.46967
17694,45.25810605985762,79.40618
17695,51.47149344546094,79.73974
17696,46.19355084447847,80.171715
17697,53.17957707801989,81.515205
17698,45.369801536028895,83.717384
17699,45.387871436754544,85.0003
17700,45.70832047843066,86.313385
17701,43.26968326827403,85.48129
17702,43.73761195015328,86.548965
17703,33.62867115788054,85.97678
17704,36.75386557284464,86.8738
17705,40.22718717532102,87.70845
17706,43.14917307096008,87.53976
17707,38.78333699243583,86.69846
17708,34.22058118124813,85.07167
17709,42.20026237786978,84.963806
17710,41.46226401508287,85.888855
17711,51.366498490490535,85.42752
17712,42.10714129692602,84.23762
17713,43.70310726051312,85.26359
17714,45.49181505510716,87.25604
17715,43.65818272257414,88.67392
17716,35.807345056738995,88.03424
17717,33.39815763299291,86.96415
17718,39.26386829828157,86.80509
17719,41.95920822208288,88.30801
17720,45.90883114306802,88.66517
17721,45.74178953155902,87.223274
17722,45.45294001029974,88.81323
17723,50.49621409639116,91.32873
17724,54.12041921864717,91.988464
17725,47.33197419154171,92.17971
17726,40.21760295416686,92.97769
17727,41.65256517040047,92.44881
17728,39.10810565067049,94.326035
17729,39.780580821896365,95.57501
17730,31.22911536529549,94.24329
17731,28.656293131612856,94.902054
17732,20.49566034005933,95.208145
17733,24.956946917238334,94.29694
17734,26.13930601922579,94.78226
17735,32.56248640440282,95.39606
17736,37.76207833938005,93.89369
17737,36.757502973221314,95.28794
17738,38.19777206791561,94.79443
17739,38.13986105460351,95.30101
17740,30.900243525403877,96.23432
17741,29.837474047923923,94.60505
17742,30.10453329085216,94.9169
17743,27.547322416537614,94.99797
17744,27.20133066517174,94.80767
17745,21.746635491891915,94.26285
17746,17.39172614794497,91.57887
17747,12.883212151744718,92.25177
17748,17.155304638136265,91.76635
17749,18.514371286926394,91.34563
17750,10.71329505293297,90.59126
17751,15.680974203434513,90.47041
17752,20.213424651202963,90.53638
17753,21.45758148212484,90.97715
17754,29.39227635090749,90.14624
17755,39.02492408633837,88.289925
17756,31.948117193292795,86.98273
17757,27.60125208508526,85.98291
17758,27.781660364813632,83.81557
17759,22.96443826543111,80.86516
17760,23.56196590161811,80.90062
17761,24.20842259891459,78.600815
17762,22.22145253207705,75.6637
17763,27.009978531612795,74.847885
17764,21.920628605847646,72.70262
17765,20.440295125961825,74.02338
17766,23.572385204447816,74.13854
17767,25.83015574303885,74.06302
17768,28.126676025450596,73.54422
17769,29.235933473419102,73.110596
17770,28.451934152844693,70.73919
17771,30.86947463498881,70.61238
17772,37.09228976587913,69.158424
17773,40.23436040578726,67.505066
17774,33.82172896374118,64.87761
17775,34.12448381669274,62.457382
17776,40.13452609191715,61.531353
17777,47.06498868005993,59.903717
17778,39.86353496131604,59.345364
17779,39.64048893246601,57.568073
17780,35.56961444321099,56.34842
17781,32.311646230487284,57.595207
17782,29.592569727625172,58.355095
17783,23.81271024231916,55.870903
17784,22.75853414292564,53.036194
17785,26.249838030796084,53.13791
17786,22.51918496922069,53.25631
17787,20.35379106201676,52.544697
17788,25.702928752452333,51.082344
17789,27.865323798511632,50.692787
17790,26.58215715687324,51.131943
17791,23.967421159917585,50.789604
17792,23.906893741466423,50.344566
17793,25.07699875973412,48.768204
17794,20.80433960261243,50.036057
17795,26.004026875743232,51.95674
17796,32.91033043131195,49.817604
17797,39.107291115545074,50.37886
17798,38.364077198906806,46.87786
17799,37.0224818256377,48.941772
17800,44.98435021687364,50.317284
17801,47.18589115643727,46.611126
17802,37.154871638655365,46.863144
17803,44.69732548654767,48.30128
17804,43.291061031867805,48.155003
17805,38.78414224910339,47.914864
17806,33.69941656738053,47.70865
17807,27.95780068838503,48.18453
17808,30.08977782813609,47.473854
17809,28.106395842426693,48.428524
17810,29.00517548945624,44.87457
17811,26.825496573999217,44.247272
17812,33.03410914843083,45.858536
17813,26.51800440559392,47.32894
17814,29.235389220965075,44.115845
17815,31.48928090949245,42.55897
17816,25.19778403958729,44.041546
17817,28.43837120647116,43.975094
17818,30.361657489666666,46.76981
17819,24.544477121020105,43.704002
17820,24.36850035515908,44.59176
17821,24.40919425771561,45.940666
17822,29.515462061852105,46.213573
17823,27.75912606875441,44.9526
17824,23.421753391704904,41.175575
17825,24.764663011194397,43.057297
17826,25.55718158894501,42.51896
17827,25.78864565975227,43.096977
17828,34.11589579313671,39.384075
17829,26.154075981982025,38.536346
17830,33.921089068593886,38.782314
17831,33.55548999976682,41.192837
17832,34.12478035246145,42.190044
17833,36.01223802277861,40.33511
17834,33.712610550782706,42.25881
17835,35.32241278651478,41.781147
17836,41.5542884185224,42.015438
17837,32.32018247104756,40.319843
17838,42.7135391078556,38.663425
17839,28.46506505651893,37.273705
17840,41.925448668398,36.56254
17841,42.22758158203681,36.994576
17842,43.87530753659322,35.240402
17843,45.21174070031629,35.188416
17844,39.60615974417418,35.153965
17845,46.78759229872458,36.21902
17846,41.9795882331026,36.36183
17847,50.65170555367697,36.55009
17848,50.63338372768061,35.37307
17849,46.29811905836255,35.71944
17850,53.59179972554916,35.736637
17851,51.21807588113472,34.55951
17852,51.22357669718483,31.891968
17853,47.47639812108363,29.043537
17854,45.05803986228616,27.47093
17855,50.71060704686588,26.382616
17856,57.00920427553422,27.43758
17857,62.32665050359091,25.689682
17858,69.99701285858572,25.8156
17859,79.75349836766428,26.031141
17860,80.50032670522722,24.988453
17861,75.93163623381425,26.376202
17862,72.14567900284698,27.911549
17863,71.08263037406067,27.441341
17864,74.49222663395832,27.826311
17865,61.148544537881904,28.897747
17866,67.15299065716951,27.708443
17867,65.27460572339325,26.738995
17868,65.04637001112292,25.244865
17869,62.80022802124483,25.506207
17870,55.18249588583027,24.699495
17871,57.38876509237976,23.033602
17872,58.31011267667448,22.125294
17873,50.800349222634445,21.244648
17874,50.50755047771284,23.034313
17875,58.25356502453393,27.361423
17876,57.8361057142383,27.021284
17877,49.020146897999176,26.461067
17878,46.99395665017376,27.99059
17879,54.31743816984188,29.426294
17880,56.85394939458674,30.151169
17881,50.58214585271752,29.955467
17882,48.238130877072585,28.919128
17883,56.49968246246048,30.661802
17884,60.28295116981774,31.308329
17885,59.48841432371376,28.803415
17886,61.40725139403158,29.043331
17887,56.741736404082,29.350279
17888,48.62875096431314,29.258493
17889,45.861965361348254,29.69246
17890,45.95876040619244,28.155369
17891,49.003017433803016,28.368977
17892,41.102022358595576,28.528366
17893,33.188465591768846,29.003954
17894,26.388383729843213,28.444193
17895,24.64159476120235,29.099792
17896,24.58492058603502,29.660248
17897,28.55961584190388,30.723934
17898,26.09222284231705,32.41021
17899,29.160382686943272,33.810783
17900,28.10302250443006,34.261333
17901,30.948005940359124,32.770786
17902,25.614043993520283,33.436424
17903,24.532050938232903,33.983932
17904,35.37847536221115,32.441757
17905,34.7177541691132,31.679012
17906,39.67806198424549,31.028013
17907,42.39941332686048,31.113617
17908,49.92197841176159,31.64193
17909,28.43503256732225,30.3573
17910,33.60561883096851,31.859575
17911,32.725802257924045,32.155167
17912,31.93382175247168,31.81586
17913,32.07930534247144,31.59261
17914,33.02852715863014,29.40053
17915,37.20845680482908,29.875706
17916,37.17663506894372,29.912003
17917,36.37985814526922,29.763447
17918,34.83724122202753,29.820759
17919,38.522489993789485,29.35323
17920,34.79900792455864,30.34798
17921,27.54722135725745,31.792187
17922,37.15751153426484,31.483221
17923,27.90142790779856,31.545841
17924,26.54820808001948,34.842617
17925,31.38301691928024,33.937607
17926,32.20956796508029,34.698284
17927,31.990209725051177,32.161613
17928,36.75666817184936,31.910831
17929,37.7565081361373,32.11481
17930,37.69066533534753,31.651821
17931,25.46338717067842,30.131144
17932,19.107260543151916,29.73402
17933,24.009723268991493,29.485481
17934,21.9622830746528,29.1221
17935,17.518176915984707,30.476343
17936,18.556009225243727,29.283577
17937,20.180783209515543,28.295536
17938,25.00719951929505,32.04191
17939,26.886588911574748,30.370478
17940,26.17729504128116,31.928034
17941,29.07090124217162,30.753508
17942,34.56933799441365,31.303078
17943,32.89764489413195,33.857964
17944,35.87027604585636,32.557613
17945,19.114540712848143,34.06584
17946,20.603765868200583,32.4869
17947,18.334258766690816,32.34147
17948,18.522417304086986,35.947166
17949,24.6433765600261,34.860775
17950,15.99934549974565,36.554283
17951,21.157390659884783,35.836346
17952,24.18859594243465,36.925575
17953,28.573376560062925,38.434647
17954,36.52754494926392,40.88962
17955,43.81188259287437,41.158974
17956,51.70075445461474,42.570034
17957,46.11965429361601,44.546165
17958,46.65669470688269,45.7802
17959,55.54311665173597,47.107567
17960,62.74326748636975,45.137096
17961,65.50900209252032,48.684322
17962,73.6427188555077,48.99419
17963,84.32465462974692,50.112625
17964,84.31891609456666,50.116188
17965,91.2727955765118,50.367302
17966,88.3551000503877,53.324524
17967,85.93442270684973,53.55323
17968,83.33865764678053,55.770473
17969,83.2968240642237,55.891697
17970,83.17481872899565,58.662785
17971,82.71488355566963,60.26615
17972,86.87130124310677,57.968143
17973,78.39654293938936,59.6282
17974,83.09890834561341,58.520603
17975,89.25031444753854,56.53658
17976,79.33681203363254,56.36281
17977,83.61410078383517,55.404335
17978,85.33882075661957,58.1921
17979,89.87108439405785,58.644093
17980,80.1502521281016,58.319397
17981,83.05384851939,59.559273
17982,78.78354699810784,62.3348
17983,80.39164301488641,62.447132
17984,68.5529309181591,62.10131
17985,73.52364461428257,60.95856
17986,71.32773471588266,61.497784
17987,68.41359371801802,63.07882
17988,78.81384597409094,59.875916
17989,74.58252526378638,59.861576
17990,82.83530754087847,57.77048
17991,80.62355161086775,55.83106
17992,85.8315064046242,55.517197
17993,91.74427707979096,54.48379
17994,87.97544567726086,52.89894
17995,84.57486792276809,52.346268
17996,85.25365601369832,51.02264
17997,86.98940236556649,50.053696
17998,91.19770411656718,49.154163
17999,95.8653695148269,48.06518
18000,90.6878545939599,45.941235
18001,95.01985475444953,44.161392
18002,90.60352963368877,43.13609
18003,84.84446241804649,42.789665
18004,84.88709506857239,42.688797
18005,81.86284963341589,41.489014
18006,89.3523216039967,43.12562
18007,86.73700020456486,42.023094
18008,91.14225098599054,41.402855
18009,91.79839796886178,40.564323
18010,90.64859765555224,40.48711
18011,89.28058325620944,41.745125
18012,90.50811885928272,40.64184
18013,82.85209968406409,40.12452
18014,77.01407788468612,39.285503
18015,72.03329613507252,37.812435
18016,70.92015808412476,34.71511
18017,78.6171837428007,35.109863
18018,73.11280751614473,35.679512
18019,66.34121875167024,33.119926
18020,63.38761416818743,34.06517
18021,64.79370802502558,30.779829
18022,67.71070770249658,31.940027
18023,70.52904071618178,29.208185
18024,78.34135505177812,30.859188
18025,69.07606385169512,31.314278
18026,75.76652530525989,32.254173
18027,76.86008584959929,34.022408
18028,79.44677765644013,35.38114
18029,78.00819196424608,35.07032
18030,73.04165478322064,32.24211
18031,72.58784847560725,34.414497
18032,73.56542131574463,32.93114
18033,79.16794639674515,32.423485
18034,73.62767080132323,31.523277
18035,79.69516417241952,30.859343
18036,86.90268115507405,32.64052
18037,88.75370928476366,32.276848
18038,81.87194420344427,30.849312
18039,82.73661187213868,30.681576
18040,81.84760462993167,33.283226
18041,78.70501200573275,31.521368
18042,85.57325790649674,31.805717
18043,81.81924109708214,29.181526
18044,70.75699396740488,26.823753
18045,80.3433750157744,28.20816
18046,81.71631549960553,27.52277
18047,83.3424327711643,26.213512
18048,82.16003059884078,26.139633
18049,79.23384328078373,27.909649
18050,82.89503555400516,29.515396
18051,85.51630386925802,31.138756
18052,83.17745619731242,28.35796
18053,74.14220536483715,29.006237
18054,77.70493378820318,30.218937
18055,86.50358022194771,28.204449
18056,95.0265576638707,29.482468
18057,95.2826229055938,26.955387
18058,98.56743500496076,27.792477
18059,97.778306728799,28.226044
18060,100.0,28.42258
18061,95.34391178878296,31.160847
18062,98.52215462726598,34.166725
18063,97.20637180158228,37.927998
18064,94.89302362920527,39.693687
18065,91.14630003161344,41.536606
18066,95.8248101088824,42.637497
18067,98.56515006729362,45.9756
18068,89.91075979138289,45.54892
18069,90.50046979673324,48.226776
18070,92.95419805389892,49.805077
18071,86.90257719996448,48.409584
18072,86.42394663574626,51.9244
18073,90.49664064253516,52.384373
18074,90.6548248613086,54.326393
18075,97.82187105896604,57.458694
18076,98.62982911481842,59.79882
18077,97.8029123501382,63.281082
18078,97.970131419654,62.028778
18079,100.0,64.477585
18080,100.0,64.64499
18081,98.31510285972698,67.67467
18082,95.8359890678428,69.46069
18083,94.1627598788092,71.06484
18084,86.64104670688448,72.84072
18085,94.8115686083305,75.430176
18086,87.87083684367613,79.31539
18087,87.50593384514913,78.52555
18088,88.32766212339051,80.874
18089,95.3954945720201,81.5472
18090,93.2005553695352,82.67367
18091,94.04355297837418,82.98002
18092,100.0,82.93426
18093,100.0,82.35786
18094,100.0,79.27894
18095,100.0,83.22589
18096,100.0,80.58126
18097,98.91518083930714,81.23255
18098,86.9687752826854,81.38658
18099,89.47347627867379,82.2373
18100,82.68664035612917,84.56601
18101,88.75343181548651,83.810646
18102,95.31813102540282,84.86792
18103,92.45142662096973,83.857635
18104,99.84733782978772,85.15505
18105,93.62256541065037,83.858086
18106,97.5976246251094,85.20394
18107,100.0,81.74307
18108,98.14472076067337,83.62064
18109,99.08317446011164,83.4128
18110,100.0,82.21146
18111,77.41975844906274,83.6743
18112,81.40455777349636,81.45089
18113,74.9913567015882,84.0522
18114,78.72708756256496,83.89302
18115,80.87445548091253,84.23356
18116,79.1606677282518,84.11443
18117,75.44195477862365,82.376335
18118,76.65568626203793,83.124245
18119,82.49371977038258,85.59423
18120,84.54654500238885,86.201355
18121,78.05728621769985,85.05327
18122,85.81094983822145,85.38407
18123,87.7566642478768,82.17442
18124,78.87066058310234,84.28
18125,84.6623420651386,82.17337
18126,85.69412349547483,81.1067
18127,84.09418166893771,80.16331
18128,83.57105461525542,78.18085
18129,73.24927968762948,79.650024
18130,74.94493255546448,79.1371
18131,81.63691489394067,80.27188
18132,80.97325404351946,78.802185
18133,75.71312346602065,79.51654
18134,80.152980331188,80.11791
18135,74.8275430429813,80.64899
18136,74.9827375126027,79.22101
18137,72.41373445801955,78.338135
18138,61.10483884685167,79.595406
18139,54.08005680036927,77.90766
18140,57.67709052016416,77.9518
18141,61.975387004540224,74.24079
18142,62.89757040170603,72.86292
18143,65.37012285184137,74.661194
18144,66.56642009039395,76.30608
18145,65.59273619089367,76.284096
18146,74.12122357862675,74.422325
18147,74.94061610331698,76.462105
18148,80.61312401681997,76.84423
18149,79.63503343851907,80.6875
18150,77.97495157864816,79.5647
18151,74.93822676245564,76.58606
18152,73.14795642976874,77.55675
18153,74.90737205756517,79.342354
18154,72.19332790503293,80.39713
18155,69.52890757652041,79.00359
18156,77.9160466817894,79.49213
18157,70.4904654421958,81.598114
18158,64.68489903271082,83.66257
18159,72.07021371976573,84.031
18160,79.35179206359874,83.6479
18161,84.57624866775063,82.78739
18162,86.5814064253595,85.32663
18163,80.62672595585819,87.03
18164,74.249825777976,85.162
18165,79.71667111715495,85.6625
18166,83.08867887796721,86.30953
18167,86.78675409871869,85.81982
18168,87.00286108640665,88.39972
18169,76.78662181290112,88.371185
18170,83.82246534004766,88.671295
18171,81.7215089919179,88.723724
18172,79.76350264121373,89.192986
18173,82.36107912105763,89.20973
18174,81.37519331254528,88.59655
18175,75.90716105688357,87.53471
18176,75.6488080188579,88.67885
18177,76.10158665227061,90.66055
18178,80.08210458502964,91.292336
18179,75.93739507247332,91.52748
18180,46.96651036277095,91.53724
18181,46.61734633086687,92.234825
18182,45.2592889637218,93.085
18183,48.0701590543972,95.27565
18184,46.0486247401665,94.0543
18185,47.60033533727242,94.37093
18186,51.75825722247506,94.16625
18187,52.243273728522055,96.7892
18188,60.28705738398138,95.912415
18189,62.750311354175246,95.18393
18190,65.92304851327597,95.84881
18191,63.27610998009235,94.20723
18192,64.6028527668935,94.31272
18193,68.74841686757135,93.835464
18194,79.33302661768556,92.00418
18195,77.15416873500605,92.769005
18196,79.85809016646056,92.64428
18197,74.55433723190373,92.62715
18198,77.48401245644884,91.62422
18199,85.93172720214335,94.16197
18200,94.88325329237384,94.47529
18201,99.24279277533724,95.36511
18202,100.0,96.2829
18203,96.35109136509698,96.71713
18204,97.70918678802036,96.9321
18205,100.0,96.13994
18206,100.0,96.52531
18207,100.0,93.66794
18208,100.0,93.827774
18209,99.96882204792884,92.17426
18210,99.66514186348128,91.174484
18211,98.81716878707785,90.66666
18212,99.31749927546038,91.2004
18213,96.78654032047028,91.38625
18214,98.62990776980806,91.59175
18215,100.0,92.17447
18216,100.0,94.135315
18217,100.0,95.75195
18218,95.25552367291849,93.25
18219,92.65360321500144,91.35452
18220,100.0,90.90747
18221,100.0,88.42342
18222,91.496788338623,90.27188
18223,85.6457406050486,86.57046
18224,91.22083885400204,86.41967
18225,92.01566724266586,85.80361
18226,91.1188030366731,85.2526
18227,97.09466141558435,85.84365
18228,100.0,85.764786
18229,100.0,88.00462
18230,96.56200630187844,90.8462
18231,92.61230329737076,86.584595
18232,90.52294664752702,85.86071
18233,95.22329202868886,86.313156
18234,100.0,84.13661
18235,100.0,84.876205
18236,100.0,80.88282
18237,100.0,78.862045
18238,100.0,78.411545
18239,97.74253824593976,77.77832
18240,100.0,77.085205
18241,100.0,75.53776
18242,100.0,75.38102
18243,100.0,77.47524
18244,100.0,77.13782
18245,100.0,75.923546
18246,100.0,77.046814
18247,100.0,75.31305
18248,100.0,76.96846
18249,100.0,75.17582
18250,100.0,72.88707
18251,100.0,73.524376
18252,100.0,72.81035
18253,100.0,72.88014
18254,100.0,74.566376
18255,100.0,74.512245
18256,100.0,73.802155
18257,98.36573120201132,75.33372
18258,98.02542044059771,75.53816
18259,94.70053247785744,74.07211
18260,96.85316707886962,73.511246
18261,100.0,71.38321
18262,100.0,70.75533
18263,96.99384135902464,72.5022
18264,100.0,71.64381
18265,100.0,69.06734
18266,100.0,69.49896
18267,100.0,70.231415
18268,100.0,73.41732
18269,100.0,75.847206
18270,100.0,75.70587
18271,100.0,75.61572
18272,100.0,76.611755
18273,99.18401190650272,78.17637
18274,100.0,79.34638
18275,96.8256929940214,78.34704
18276,93.04104620972944,78.263565
18277,95.2437472198683,78.594666
18278,91.58880009845603,73.39477
18279,90.59842679336138,73.48393
18280,93.74479017159588,74.40438
18281,97.64745304699966,74.865685
18282,94.15372712444253,74.581184
18283,84.95530142704514,72.66794
18284,83.6466763265708,71.963684
18285,87.00348856855835,73.36574
18286,87.09078191984626,74.57956
18287,81.44025856502195,71.41298
18288,78.23499497794057,73.15263
18289,76.82451934613822,71.51548
18290,66.07565942762238,70.45169
18291,61.762400051149406,70.90215
18292,58.66793129199611,67.98889
18293,69.87569411670576,68.94385
18294,67.05896524702119,67.99637
18295,57.15183405790542,67.66714
18296,52.27429928161873,68.86402
18297,55.13094628172808,70.70688
18298,53.00957176849448,72.106186
18299,50.50025653668596,74.451126
18300,49.1652986546229,72.93893
18301,48.302212464822205,71.57725
18302,56.982820303793886,72.84966
18303,44.43077278707276,70.82076
18304,43.01437134099955,71.42909
18305,41.79441829563668,69.84198
18306,45.82329432201772,70.64888
18307,45.00415860154041,70.38838
18308,48.038697964937306,71.99539
18309,44.776815883230334,73.2862
18310,44.21196441797386,74.6178
18311,46.120955628981406,76.60699
18312,39.60783722973485,78.64374
18313,45.792204647957234,80.32746
18314,50.89316786333826,83.03551
18315,54.384755655407446,84.745094
18316,51.911286328483975,85.55922
18317,58.32038535349756,86.55447
18318,48.8812526357783,86.35621
18319,45.53724043353699,88.03414
18320,49.67001266411089,88.594536
18321,59.12974746807005,89.926056
18322,55.41952415885663,92.79371
18323,56.90852896087029,93.90491
18324,60.90775086824112,94.000824
18325,62.62867350450291,94.0796
18326,66.04693142507313,95.06436
18327,70.79345284923166,97.79991
18328,74.05624508030849,98.49176
18329,68.85820821659053,97.01663
18330,75.14217996254929,96.31379
18331,74.0849894048412,97.25502
18332,70.8321754311303,97.75565
18333,75.99314250586364,96.45518
18334,73.19007848563405,96.12161
18335,67.31840107030993,96.73699
18336,63.32603391639106,97.43118
18337,70.86968270632607,97.69036
18338,68.91091722791884,97.352615
18339,63.83991146217011,96.19826
18340,69.01717080380227,97.511765
18341,65.14675204381663,99.035706
18342,70.64671013873976,98.02761
18343,75.88181905392426,96.87474
18344,73.5056864950809,96.22177
18345,63.35219241938467,96.17555
18346,58.87929518450655,95.53255
18347,52.46276123671444,96.83734
18348,50.59623954015776,97.64247
18349,41.02664172777995,97.44281
18350,37.07982516940492,97.99515
18351,38.27846843699631,97.44222
18352,38.88140395106383,97.015945
18353,42.35271667312305,97.0456
18354,42.87800933698194,98.15257
18355,46.01356334244481,98.46379
18356,38.23114363891598,98.76325
18357,30.304748322500703,98.513145
18358,28.12331423024253,98.576996
18359,37.299889854301696,98.66771
18360,41.17357248682023,98.981415
18361,46.3498069541677,99.1487
18362,39.57210168489325,99.27427
18363,33.19798085453171,99.875374
18364,28.3246729629359,99.93149
18365,29.547713115862138,99.48918
18366,31.355990969798533,99.01813
18367,32.0102342352397,99.2849
18368,37.0275497002431,99.81845
18369,35.47086940862202,99.494896
18370,40.49934960648402,99.09626
18371,40.89723882340672,99.10515
18372,44.44080263972241,99.502594
18373,55.517907591406086,99.22386
18374,40.6098970376639,99.19658
18375,38.251067374861634,99.2169
18376,34.51381547579351,99.30998
18377,31.63224246318752,98.97594
18378,23.868016942170748,98.897934
18379,26.8546072902919,98.68765
18380,26.80604311441269,97.82315
18381,24.764222676832144,97.436905
18382,34.12994812539035,97.03583
18383,35.91678708733264,96.86394
18384,32.00733309537018,97.26439
18385,34.05541836766528,95.544876
18386,32.522389954766425,93.77226
18387,27.847590040178044,94.44885
18388,30.521297833533023,94.15824
18389,30.5982807471798,93.14771
18390,31.522569399825286,90.7628
18391,26.722680227441245,91.40538
18392,30.037156938086444,91.190094
18393,25.96196649711835,89.64552
18394,27.426222513478795,87.71516
18395,36.425772196391776,87.56742
18396,37.01654670975224,86.59464
18397,30.59355550100368,84.08841
18398,28.890928903272048,81.13356
18399,25.901223510097857,78.731834
18400,28.705793119310485,80.32707
18401,29.110792982087048,78.40274
18402,33.51791017825282,75.41373
18403,25.27072552528292,72.91488
18404,32.951215233853894,72.11769
18405,30.68944529006037,71.75936
18406,26.776321916481,70.00984
18407,26.77914450895872,68.42035
18408,25.618677929582677,67.18313
18409,23.96377800132322,67.727165
18410,31.779048253171087,63.473743
18411,31.109187944832808,61.014694
18412,35.638426473657624,59.615887
18413,36.28134146538977,58.98166
18414,38.80709978487392,59.658447
18415,35.75574816213625,57.07846
18416,33.266213289164824,55.130928
18417,30.67252602355885,53.28121
18418,34.98109681045743,53.012806
18419,41.64047626208881,52.133358
18420,47.35965551039166,52.427727
18421,46.99014831446745,50.93346
18422,50.77972412768951,51.75886
18423,54.66297365989104,52.412666
18424,49.11992526160337,51.57458
18425,49.54692103591989,51.913403
18426,51.07425572393903,50.26721
18427,55.778208288075874,51.89027
18428,62.38019870597031,53.75369
18429,54.70035545908039,54.21608
18430,49.46155377036649,52.53077
18431,57.568241893451145,54.139206
18432,57.62444722994624,52.89788
18433,62.581473522434194,53.651375
18434,62.25235401992371,55.364334
18435,62.414356000812624,57.45181
18436,63.11041850682868,58.022224
18437,75.77420930614635,59.76465
18438,67.59523069460207,60.551384
18439,79.03517920401181,58.836117
18440,74.49238190515922,62.13688
18441,75.7679220147994,62.8284
18442,83.84350438674328,62.872288
18443,90.28241345958703,61.38987
18444,90.30864921494369,62.860825
18445,97.8824938975382,62.27485
18446,100.0,61.82087
18447,93.61447784804837,62.098034
18448,89.52606805650338,61.55103
18449,76.32678536670244,62.20703
18450,79.13757625063401,63.7987
18451,90.61936706510576,64.96456
18452,87.86325456029017,62.996307
18453,88.15501491894597,64.026375
18454,80.63263573528342,64.453156
18455,86.11716295808125,62.61194
18456,85.14211569028544,60.54297
18457,82.18008514640627,59.349766
18458,80.6146062452778,58.9041
18459,80.95181681883513,55.487602
18460,70.29979114004655,54.157867
18461,72.57354751787288,52.242504
18462,74.26820858226306,51.405514
18463,69.86130814558,53.091698
18464,66.996446389709,52.159016
18465,68.39516535629961,51.09923
18466,65.40512224560894,51.09537
18467,56.17521130369827,50.46073
18468,58.56414466375114,50.010994
18469,60.79212676458958,48.471493
18470,56.906166500615214,45.31654
18471,49.81698704472471,45.171116
18472,51.84538490937173,41.997295
18473,53.70982173468595,41.592983
18474,56.185865467352734,40.054405
18475,65.03352462136039,40.49746
18476,52.73981745230116,38.443363
18477,52.7691278750012,36.149742
18478,43.98691990036108,34.580784
18479,46.71463188110477,34.99981
18480,49.35307632113266,38.29782
18481,51.2248123207924,38.027092
18482,43.6385265897455,39.024883
18483,38.27156512063268,37.88026
18484,37.032422635339735,36.58909
18485,33.57639699781542,35.510635
18486,39.02647855313882,34.68007
18487,44.532179107883216,34.07685
18488,48.44071764151645,32.72885
18489,37.86288079072683,32.36361
18490,35.56093031853977,31.309387
18491,42.75352045777564,31.404217
18492,46.43373599814,31.66381
18493,48.36675251215453,35.37297
18494,44.0721644314926,36.068295
18495,44.7484784160739,34.950447
18496,43.45538037825783,36.28024
18497,40.58628018284547,34.87032
18498,39.10190346604576,34.51815
18499,42.29652492372588,33.396595
18500,48.5129440255801,32.447926
18501,50.0136950537968,28.865095
18502,47.7143222199724,31.177937
18503,42.79612008692729,31.434969
18504,39.03352922291877,29.932024
18505,31.13041345129112,29.661129
18506,37.41747304149008,29.970207
18507,43.25006512862754,29.631493
18508,44.35443837299347,31.064405
18509,47.36450254931081,31.111433
18510,52.93472826567198,30.520683
18511,49.584798106317415,30.523043
18512,43.86284209061031,31.057186
18513,45.05337251418176,29.924696
18514,51.69107948293075,29.24063
18515,56.06946146384101,29.545456
18516,55.707043719422245,31.459227
18517,53.99479865943564,31.736446
18518,52.78093864575765,32.21344
18519,50.353886617555645,31.155626
18520,50.78173986695048,31.52328
18521,54.46200843078343,33.286934
18522,61.29006059343188,34.94616
18523,64.68945317077232,34.434654
18524,72.56900550214856,34.445206
18525,81.53813426184621,36.73001
18526,76.8820051519782,36.874565
18527,80.81652339611483,36.85082
18528,76.71086734348594,36.393948
18529,76.95804495631646,36.653076
18530,71.99496158439665,39.43911
18531,75.52701421785969,40.36636
18532,73.58567499387274,40.114433
18533,68.4263229787749,42.197548
18534,73.08101605294104,44.06305
18535,68.79352350642486,47.6716
18536,63.78236050755481,45.98789
18537,60.78075357839178,46.435333
18538,57.40133789981,46.807037
18539,62.35450550062056,49.275776
18540,68.15779310204915,52.082428
18541,65.0282151805197,53.648064
18542,63.87516731031718,54.040035
18543,69.80825620794664,56.94754
18544,64.10321117817891,59.016045
18545,61.40910328498666,60.025932
18546,55.42951835920032,62.366615
18547,54.77750921526694,62.515564
18548,61.324555956554256,65.20532
18549,67.22008507842084,69.59547
18550,67.65866436256118,67.68295
18551,65.67258857490538,69.395805
18552,70.76138242935245,68.942665
18553,73.6545916674273,72.57962
18554,68.28005274308605,75.08858
18555,72.72245870201945,75.12589
18556,75.4661230019337,72.84406
18557,73.31759049454284,75.2744
18558,66.26073003863097,76.63465
18559,75.83695759763394,76.547066
18560,81.85385807356656,78.16531
18561,87.62664005709617,74.27304
18562,83.65415347121106,76.29492
18563,80.90927907548651,78.081856
18564,81.25422564014663,78.21259
18565,83.9877326268699,80.09793
18566,86.67913377414595,81.50813
18567,88.01506244077483,80.95279
18568,82.48303003748505,81.344696
18569,72.92901380461076,79.723465
18570,70.62192179744996,76.16688
18571,62.46489052182163,78.1049
18572,66.05137182357637,77.57698
18573,69.65213234419626,77.22191
18574,71.47427742925491,73.52454
18575,73.99516134173719,71.78337
18576,70.11518329246266,71.776764
18577,56.55362489932793,70.98479
18578,55.70001661835724,69.859856
18579,59.79260611859112,68.950966
18580,66.79747865617071,66.008835
18581,70.14807129598907,63.939415
18582,71.48053796732351,65.59009
18583,75.873548049379,62.585495
18584,69.45952062014311,61.766476
18585,71.98441129385849,60.488388
18586,71.71429646157331,59.54729
18587,57.8231784112406,57.80659
18588,55.39798928939768,55.720886
18589,53.0181999145159,56.23092
18590,63.00350267694829,54.050335
18591,56.633157559601294,52.602642
18592,54.08047465389936,48.937325
18593,56.99519168568661,48.879204
18594,60.14480168013695,48.503597
18595,61.67497369814539,50.4494
18596,57.78716469916453,48.196518
18597,55.32751125776645,46.030014
18598,57.76406551393597,48.03918
18599,55.18189501972078,46.470127
18600,52.971454581759424,47.9023
18601,61.26602314182953,46.933697
18602,55.612560284321646,47.15853
18603,58.6775228919022,45.611725
18604,65.65842332844326,44.73044
18605,66.29374864264216,42.890266
18606,58.20026877288692,41.976707
18607,67.76098220238303,43.293438
18608,67.27885410761719,44.2051
18609,65.03267333849985,43.885414
18610,63.130632334841856,41.479996
18611,62.50845340988198,41.697327
18612,63.56307841263992,42.198257
18613,59.94680191667355,44.503574
18614,53.41182801597366,45.50409
18615,53.13255110664536,43.82837
18616,56.44778237652909,44.382698
18617,50.28606511205804,44.474022
18618,48.20506325614247,44.859173
18619,50.97153070740927,44.506203
18620,49.58549378154363,46.26696
18621,48.27240857979867,48.489185
18622,55.10837385364452,50.573997
18623,55.93563636821823,51.347115
18624,56.69975402013826,50.860752
18625,50.10873639334282,50.352142
18626,56.22015485736382,49.79504
18627,58.72135324434218,52.220955
18628,53.19102185155021,52.127693
18629,64.35453631582155,53.376934
18630,61.07545494679102,54.23033
18631,69.33824206646521,54.768246
18632,70.32571303549547,55.92231
18633,70.62859803258623,56.0282
18634,63.09428055680601,58.152706
18635,70.03052947931633,59.789047
18636,74.86748584479054,61.633156
18637,77.14626436484318,63.479218
18638,83.45843289969254,63.863586
18639,90.35387460228324,63.1391
18640,81.36341042453226,61.055485
18641,88.88134463382553,62.77078
18642,98.48645579330996,62.5904
18643,100.0,62.649925
18644,100.0,61.51719
18645,95.35871113296008,63.088413
18646,87.19371388342695,64.91937
18647,92.8046249933652,66.42597
18648,91.5035265694502,66.955
18649,92.97311801726303,66.02952
18650,99.43369800983488,68.65708
18651,92.0372524334719,69.80398
18652,88.13577262082421,70.74198
18653,85.21229982462303,69.12936
18654,81.42579362916281,69.215256
18655,73.54789392633421,70.59347
18656,81.04521918018102,68.14898
18657,84.71273719865022,68.39364
18658,87.72480171982448,66.689926
18659,88.50792108665844,67.274826
18660,89.9836358925771,68.00911
18661,89.04905424211337,67.39416
18662,90.2218311070542,68.50681
18663,97.0165699319977,71.31901
18664,100.0,71.178566
18665,88.76120907111589,69.64848
18666,82.57290888152714,70.01636
18667,86.391928168399,69.23598
18668,88.19035778595473,70.09932
18669,91.67612455217034,70.41114
18670,90.52861513312828,70.31539
18671,80.69874276697462,70.773315
18672,80.69518012171167,71.078964
18673,84.34948138261034,73.120514
18674,77.01628427319568,72.702995
18675,77.28625028640748,72.460304
18676,73.23756293301136,73.21342
18677,73.73611878305553,73.52329
18678,70.88591713514974,72.48929
18679,61.29180663503086,71.76458
18680,69.60259726961117,72.01952
18681,66.55938311107708,72.35936
18682,62.62690123287394,74.21415
18683,56.91712557543711,73.35117
18684,61.85714586348293,71.92488
18685,55.74648378841847,70.80902
18686,48.67097331243927,72.26702
18687,53.80274064486205,73.796455
18688,52.28911799132879,75.67479
18689,39.41211678423944,72.51657
18690,41.66936887836099,71.19543
18691,45.4061837116614,68.9396
18692,47.13860388822378,69.44456
18693,52.240068294017725,71.429306
18694,42.99202478987611,68.249794
18695,51.38703084935752,67.800026
18696,42.50649924176845,67.76507
18697,45.63166898380066,66.2156
18698,57.2341569479104,62.78212
18699,53.03798781869136,60.715183
18700,57.65876731838451,60.10731
18701,58.61054417243845,61.278187
18702,56.888854701973735,62.55312
18703,67.26514414902935,62.507504
18704,70.62561717249359,61.73918
18705,63.6972686352842,62.420662
18706,34.68442998134901,64.81726
18707,27.46395146870951,63.83741
18708,33.156908036515986,63.08081
18709,27.31106991499709,61.54603
18710,30.526351146750457,61.427193
18711,42.484105882573154,62.772263
18712,38.7446964318305,59.628098
18713,33.615697517176564,59.0637
18714,43.97240159892751,59.33073
18715,30.35208358597789,59.88316
18716,34.37163551507784,59.38214
18717,42.495234013673,58.96333
18718,36.46863999521325,58.814045
18719,40.09865003863398,59.596954
18720,41.449661609963904,57.887943
18721,39.93505198676988,58.280186
18722,31.713920593532247,57.984436
18723,27.028209286103458,56.133545
18724,30.149714045927084,57.50477
18725,38.91076645019686,57.457817
18726,42.39165578051835,56.236485
18727,36.376421925516006,56.918144
18728,33.77971055592433,57.392086
18729,33.51012227750349,58.313778
18730,28.33031898135616,59.6766
18731,30.296522416547027,59.704998
18732,34.08653661635208,58.769585
18733,30.667673604700656,60.793686
18734,30.5341972791272,61.564495
18735,30.11132961734929,60.41457
18736,37.10001627285084,62.08941
18737,29.803724095764267,61.210163
18738,34.41981375314472,61.0489
18739,41.51893088993676,63.194466
18740,46.19806420146787,62.97998
18741,50.63926081069848,63.155777
18742,56.40828320413873,63.977283
18743,60.96522715984327,65.576706
18744,65.77234724134098,65.64999
18745,68.34744038514577,68.54534
18746,69.28269490601853,68.40916
18747,63.02516527322612,69.68379
18748,64.8681169359562,69.42558
18749,63.41662411142234,72.73897
18750,60.4128520999447,74.80014
18751,61.48560157197596,75.41644
18752,57.08947512942029,77.72902
18753,61.58265532671512,77.26341
18754,67.22193511926295,78.5754
18755,62.17065187659228,78.847466
18756,64.28677802737728,80.574745
18757,59.519410525746686,81.04129
18758,57.82263680927971,81.347946
18759,52.880382039644125,83.80043
18760,48.41654455891218,83.64402
18761,49.03984664806846,83.806
18762,49.725819553229854,86.20249
18763,47.5961903122285,86.09431
18764,42.84863714738922,87.89345
18765,46.851434806113815,89.486115
18766,44.13178277970557,88.948074
18767,46.69584425721624,88.68531
18768,53.88197728231858,88.916756
18769,51.82941240649514,87.528496
18770,52.87799317766453,91.994675
18771,58.65975337358731,93.34776
18772,51.45948114080943,90.57007
18773,45.53213041335865,89.33728
18774,48.43247651411966,87.818375
18775,44.50889271472442,86.98503
18776,49.90062879081864,86.60918
18777,58.461019116965225,85.02191
18778,64.18187794742137,82.888565
18779,63.46634434820528,82.78319
18780,58.98040081913244,82.68888
18781,61.8649882264225,80.3142
18782,67.46371608043263,80.17101
18783,67.72853962130696,80.253716
18784,62.95943171117486,81.16748
18785,63.967027410108045,80.421
18786,67.55273890472,77.028206
18787,74.68244415820443,76.781494
18788,72.36861597471356,75.012375
18789,75.78402388659721,74.3475
18790,71.53526468035983,75.3472
18791,79.5813704400702,73.29372
18792,75.0685981545832,69.72149
18793,78.22326296750958,69.235954
18794,86.068725806895,68.28791
18795,94.0893190662546,67.65596
18796,92.71324386605215,66.35902
18797,90.88912738818772,63.295246
18798,96.27353513870904,63.674606
18799,98.58331630423312,60.740246
18800,98.06667379709634,60.84543
18801,93.35940866816608,60.886826
18802,94.32832034794326,59.876507
18803,93.66428631073856,58.209373
18804,93.70933651070077,54.748188
18805,82.95097704154564,56.30966
18806,84.16590334600467,54.07001
18807,94.56388089811044,55.078823
18808,99.71583334646148,53.048363
18809,92.84500434493238,49.609783
18810,99.40128356964708,50.282913
18811,100.0,51.590137
18812,80.0638249371068,50.691826
18813,85.79882290777608,48.220634
18814,84.76702901726242,47.315063
18815,79.76450296001606,47.674957
18816,84.70891804889935,45.834496
18817,88.93705140949376,42.41504
18818,89.66398996883973,43.801834
18819,94.14483969381972,42.38635
18820,85.59396345076664,40.462032
18821,91.3588419582364,42.903217
18822,77.37130634270987,40.72995
18823,75.90551029201451,44.142334
18824,68.77317090153429,48.440712
18825,60.4218189030692,47.593895
18826,61.85533490313142,47.05081
18827,58.40119490340432,43.599586
18828,52.41410733027727,44.028923
18829,51.72964998554088,40.732815
18830,47.50625240434752,37.941284
18831,46.895045482806886,39.28089
18832,35.131346019825195,38.17994
18833,38.31974973064367,35.333282
18834,43.10684697818869,36.113052
18835,41.14802230711019,33.963177
18836,47.59947723916094,32.381645
18837,44.19509125133968,36.06107
18838,46.166777337560255,36.203934
18839,53.87913868049221,37.108917
18840,55.71459865429999,38.386288
18841,58.17149584116368,37.9162
18842,63.89550570962732,38.64527
18843,66.86239648408589,38.734917
18844,73.65759043893213,37.700294
18845,74.54895176676759,38.03872
18846,67.22713799234172,41.26645
18847,64.2353233780703,41.7714
18848,67.42377330380626,42.4694
18849,66.0143357865881,42.494183
18850,68.62638063171933,42.44567
18851,68.1295098244353,44.13932
18852,67.35109350270157,47.56937
18853,70.67705576281764,47.855606
18854,78.42589386199244,48.06148
18855,76.968593931365,48.24226
18856,73.71782107791233,49.58539
18857,66.36880283375547,48.95675
18858,59.71103481574895,47.720486
18859,60.50383393080517,48.051926
18860,48.6918549173087,48.300854
18861,52.88661439628849,49.34884
18862,50.13473300576785,49.368393
18863,57.74235322624045,50.964485
18864,52.10523882556339,52.156097
18865,64.00203324325823,54.554173
18866,63.24992152793439,56.588676
18867,58.68906150690145,56.330315
18868,65.45399066392459,57.465893
18869,72.47363289073031,58.544624
18870,74.47964993816969,57.26126
18871,71.23059476351006,56.356583
18872,67.02601427084544,55.726173
18873,68.47564738295777,53.965324
18874,76.36503439886434,55.66337
18875,76.20877245998732,55.752735
18876,72.280871151817,55.49483
18877,69.74458673484013,56.4154
18878,68.02552485434431,55.76522
18879,70.72084903543121,56.623398
18880,70.74052693766693,56.393856
18881,75.85739119294611,56.644524
18882,73.47996134453105,55.067635
18883,82.24469893720494,54.599224
18884,81.18383754025285,54.767796
18885,72.32257633621435,55.46367
18886,68.54102242573921,54.323402
18887,63.64365956207729,52.283966
18888,59.39655139557956,54.59471
18889,53.06301206207048,57.75079
18890,47.73389438359278,58.07054
18891,47.46392884156007,60.036842
18892,41.57971880495832,60.618862
18893,49.22730527706744,61.38209
18894,55.08835593137061,63.41773
18895,45.297386378054384,62.474247
18896,50.32544288456456,62.738255
18897,48.15326990401922,65.782196
18898,47.71643243775221,67.729454
18899,42.34917037000643,68.41518
18900,44.29565840703619,68.41331
18901,48.289798237091325,70.777245
18902,47.973020371134254,73.02196
18903,50.7013063380521,74.07516
18904,47.90572619991071,74.26381
18905,39.96283879922018,77.38773
18906,38.52356079586519,79.32999
18907,40.86545789788976,80.11607
18908,37.652001531547086,80.92887
18909,33.69515146190159,82.709
18910,35.74791587626801,83.095825
18911,34.143104589324025,83.54685
18912,34.52066974012043,82.901115
18913,32.713078965615544,81.65934
18914,29.06640722249758,84.51493
18915,43.53704687722353,85.30347
18916,37.17949252005411,86.23517
18917,25.212233268297688,87.42145
18918,33.83176385796131,88.43752
18919,29.695589562178345,88.60047
18920,27.478252106658417,89.89915
18921,26.860929733288707,91.18425
18922,33.205826795585395,89.50416
18923,35.33226012961211,89.38496
18924,37.50644191797885,88.32694
18925,43.33585290857941,86.882706
18926,46.95069419992944,83.975876
18927,52.27711673190677,83.29817
18928,49.65268904334951,83.986984
18929,53.46735505551302,83.04467
18930,60.2753956251709,81.55179
18931,56.35080449558326,83.21394
18932,65.45967133151962,77.9912
18933,71.48100196302974,77.59261
18934,70.59629306736116,76.51271
18935,66.62919445540821,71.31645
18936,65.26260471523896,70.79548
18937,63.10701488301044,70.61691
18938,57.58357686535033,68.48107
18939,58.946664136537954,67.58728
18940,64.34364456288141,66.50691
18941,69.67211630054109,67.36433
18942,74.49153533316182,67.72974
18943,74.66764380996283,66.292015
18944,71.98410457118287,65.540886
18945,73.80930712027299,62.918255
18946,68.52416473996301,63.949356
18947,62.37032390217447,63.829853
18948,63.315916695612174,61.901398
18949,53.340605836370266,60.872353
18950,57.09370652157445,60.158474
18951,62.927644293985374,60.759815
18952,54.8882184405757,60.8433
18953,51.11628802837607,58.099655
18954,46.009535251873366,58.653915
18955,49.2862902899036,57.13091
18956,43.48029027204181,57.87837
18957,39.85622437130928,58.74968
18958,46.97356463967338,55.27962
18959,44.07802054774155,55.71903
18960,40.25490091764521,55.633656
18961,45.43819262634774,57.604084
18962,41.711295367653165,58.931843
18963,47.98927215432139,60.415203
18964,46.20034655859437,61.517094
18965,49.780016262489525,63.798702
18966,51.778003861410085,65.30502
18967,48.73123115765822,64.648674
18968,44.6583471778512,65.86512
18969,49.35949853007353,64.32248
18970,54.45472900404717,63.457245
18971,42.8094011687885,64.26903
18972,45.60473066850725,64.47539
18973,39.65630064385354,64.8822
18974,39.57878172242062,63.38625
18975,37.2711298757612,65.96094
18976,36.83687088724614,67.53136
18977,44.184099152813374,70.54382
18978,53.20690601695833,68.510414
18979,57.43284082007177,68.643105
18980,52.00027534313356,67.55548
18981,47.56489864764979,68.73676
18982,47.33853108947405,68.95857
18983,48.863493079130045,66.39824
18984,47.509521033182224,65.18415
18985,47.92951164536703,63.908924
18986,52.65175664835338,66.088455
18987,49.88596997082639,63.028564
18988,43.36828431777234,62.98394
18989,50.48446608278134,63.741005
18990,51.8858144671165,64.721886
18991,48.81744706361001,67.20514
18992,49.3962677887392,66.13677
18993,53.07110768448733,65.23773
18994,59.21276681076933,65.97765
18995,60.74090152042193,67.23453
18996,56.08754072207939,67.108086
18997,56.3624237578998,65.15478
18998,57.48631737851966,62.74848
18999,55.60435706978463,60.65427
19000,51.900985940122375,60.53295
19001,47.89280396160237,60.674736
19002,47.81287541888621,58.237602
19003,46.29399962213886,58.28805
19004,50.54323372047462,59.935493
19005,52.776423193248895,59.311356
19006,58.71316130961145,59.015415
19007,58.26210444813959,57.436546
19008,50.6043130219711,56.84185
19009,46.54859415392027,55.643894
19010,49.391647655510496,54.65906
19011,53.85630745772854,51.93562
19012,52.68288001594396,48.27465
19013,52.46996763697721,47.56063
19014,50.60020156451524,48.329052
19015,49.15193961897114,44.725777
19016,50.347901858342006,43.30528
19017,53.80199091259024,43.531815
19018,57.64967537016027,41.794933
19019,48.27394081919304,40.59883
19020,60.13909476155681,39.263077
19021,48.05419532005641,39.484253
19022,51.64083068955994,41.22541
19023,59.289636497376165,40.99669
19024,55.100432192337934,40.555496
19025,55.96687753709351,41.403214
19026,58.43759650446529,39.964233
19027,63.05523158275224,40.713627
19028,71.87155552068741,40.72213
19029,77.9944204977376,40.135685
19030,80.47096708742765,41.247944
19031,87.28870136780107,40.23692
19032,89.7062206974543,40.73835
19033,79.35378817160853,41.089886
19034,70.19365274112808,40.86281
19035,77.3269296186631,42.655113
19036,81.14759092942433,45.40667
19037,77.39652256135494,44.13463
19038,77.57986694121841,45.606094
19039,81.56288967077595,47.832436
19040,83.01333769826849,47.49671
19041,80.73287734894659,48.831543
19042,75.85051608833953,49.00805
19043,72.23119395313948,50.180164
19044,73.78593473139466,50.9525
19045,68.99436231339836,51.035675
19046,74.60689710336382,51.763496
19047,79.9916282911343,52.257057
19048,83.62612560697616,54.029118
19049,88.03155004904363,54.59352
19050,85.97733436401717,55.98583
19051,86.00159448579151,55.77504
19052,93.42753471340036,57.09944
19053,87.594979726545,61.4203
19054,82.57417001791708,61.55899
19055,78.81375100767539,62.210407
19056,77.50120353690662,61.406853
19057,73.85414523120056,61.431248
19058,72.0439223681247,60.973965
19059,73.15044221292621,58.668797
19060,78.8834173276375,57.81384
19061,81.54185182191596,57.42634
19062,80.63303924356167,57.852192
19063,79.91076353521693,58.07659
19064,85.22648817764079,56.63051
19065,80.9825462862883,57.809925
19066,87.17403459051121,56.95064
19067,89.7614471635754,55.953278
19068,89.46519327483372,57.36001
19069,94.17889325448094,54.724415
19070,94.9775097863179,53.39286
19071,89.17758287251077,54.129787
19072,81.77863946319845,53.507126
19073,84.9192163166423,52.722626
19074,79.35767030198197,50.481987
19075,71.87105147417543,49.397446
19076,73.44276563857174,50.25496
19077,71.33384435104485,49.857323
19078,60.3816755379564,48.1816
19079,54.05503032198226,47.82683
19080,65.22382506780029,45.952194
19081,61.855276326477366,47.04451
19082,63.75357472257653,45.723114
19083,65.57462452977857,43.065918
19084,57.815677008828565,45.226852
19085,66.99738248814505,44.734344
19086,74.02109048972646,46.593895
19087,62.301103693225926,46.285896
19088,64.13845087182538,46.120823
19089,66.07267497295734,47.250763
19090,58.93586899637374,49.3369
19091,56.320035003394906,49.272324
19092,61.28562668363715,50.151848
19093,57.0764600830662,51.14707
19094,46.17636493073783,47.64406
19095,43.40394649436293,47.16651
19096,45.5735151703503,47.109764
19097,51.893976298885526,47.566708
19098,43.08352306206079,47.513412
19099,41.04072765857803,47.80362
19100,44.824315715372414,48.70963
19101,42.46902049308469,49.562202
19102,37.050088030526496,49.985313
19103,39.32572717008124,49.707134
19104,30.649762078072275,51.064404
19105,42.01819686293426,52.11483
19106,33.76303150574782,52.780163
19107,38.63512996065369,52.67144
19108,41.28536893982839,51.15176
19109,40.97286530746692,51.79705
19110,36.12475915890455,51.494923
19111,39.35581196754006,49.788475
19112,43.457992036188784,49.884933
19113,42.696936820941325,50.6396
19114,34.60083900836879,51.513733
19115,42.11725643124269,51.944687
19116,46.72923202970416,52.305958
19117,38.80363087463876,52.04624
19118,43.46482147335782,54.80626
19119,46.106441175746994,53.725132
19120,39.3215257568584,54.63655
19121,43.76613202501265,53.90045
19122,43.61400827219552,52.7486
19123,37.22925843577936,52.233704
19124,34.16087862605156,51.92823
19125,28.42864819754396,53.49447
19126,29.88360225094539,53.79769
19127,34.151253137814194,56.300842
19128,37.95650881383608,54.937313
19129,42.42779455709461,54.97876
19130,36.81879760802666,57.645325
19131,42.2776116015262,56.565296
19132,40.72188887605365,57.743374
19133,41.30387458445043,58.235374
19134,45.17854504117868,60.169415
19135,54.32651684243592,59.696945
19136,56.01247452056663,59.31014
19137,56.96078406356897,60.572487
19138,53.0210567842321,64.65731
19139,50.16169918512554,65.63813
19140,55.23664298545321,65.54392
19141,53.85442876097043,65.870895
19142,51.79682814135106,65.43587
19143,51.75038405612319,69.34258
19144,54.1662993384999,67.94839
19145,58.32711896613898,66.97269
19146,68.67069586278966,68.2575
19147,72.84990689190539,68.096855
19148,73.41963122714998,69.00527
19149,67.77245204212046,71.04792
19150,72.10596900617715,73.092575
19151,71.47794692050542,75.24241
19152,71.23436703030838,76.78418
19153,80.57698708821398,77.05132
19154,85.73625712692782,77.17225
19155,87.06490853762104,77.675514
19156,90.6602967804603,78.93547
19157,90.90118925086028,77.94037
19158,96.32667978022816,79.56601
19159,86.11928636949347,81.483116
19160,85.35237627696574,81.151375
19161,77.9537958703631,81.061714
19162,73.59953674011977,81.959526
19163,75.53446524774975,81.08084
19164,83.86376568497498,81.358734
19165,79.55109005752934,79.22449
19166,72.57784783666177,78.35483
19167,73.30677762560981,79.54875
19168,77.24084755856852,79.26052
19169,80.07427089276055,79.44651
19170,76.81326137503487,79.459915
19171,82.15601436685458,80.13098
19172,77.73736298487397,82.001785
19173,84.26646904337487,83.26814
19174,77.16837982641754,83.35283
19175,72.02544032055978,83.60031
19176,62.27141926987939,83.4034
19177,65.95204012517536,81.90483
19178,62.696841429069295,81.78117
19179,56.82424302015169,80.182365
19180,55.0434317666449,80.27052
19181,52.61970717880674,78.95052
19182,63.3561529363548,76.973785
19183,59.72464178722984,77.75582
19184,57.54852651355187,77.64026
19185,48.59265873097195,74.501686
19186,44.22662553939793,72.435425
19187,36.11598493113959,74.83049
19188,38.58210107709435,73.977
19189,46.51996317802415,74.09651
19190,36.16665813413088,74.74248
19191,37.55635064020666,72.7464
19192,35.97767928416298,73.01218
19193,41.080247346380986,73.20647
19194,48.30158104508057,72.57378
19195,55.5956952973849,72.051735
19196,61.12886848702422,70.91855
19197,60.33849971960075,68.82581
19198,58.94202900158371,66.57837
19199,50.09129591647928,64.60753
19200,49.85491425999113,63.053394
19201,46.16483327068033,59.54874
19202,52.788375875186674,56.004845
19203,39.85793287300841,58.341915
19204,44.16782989594081,55.01934
19205,48.742089307197496,52.725143
19206,49.5446720496284,53.607513
19207,41.52786266843761,53.003548
19208,44.09833517094866,51.901924
19209,37.671341544605816,53.25894
19210,42.76792078761246,51.493996
19211,48.92045133372714,50.390995
19212,52.47163928448743,50.918015
19213,49.78675329901982,50.27647
19214,39.652439482188,48.69333
19215,39.6331319750084,48.116905
19216,37.93438408265657,45.25325
19217,39.75338703133086,45.5144
19218,46.4519910940095,44.833866
19219,48.99611723536857,45.063416
19220,46.79355258195479,44.200134
19221,50.4849718437451,42.40922
19222,62.703280404404936,41.230316
19223,59.33743694324899,42.139103
19224,64.0231089208199,39.713673
19225,71.16291309462521,40.115166
19226,72.6051896137674,40.737713
19227,77.9235700075908,38.054607
19228,79.91166624728774,39.99122
19229,79.88307047063154,40.020004
19230,76.83932637034937,39.337364
19231,70.86325108740206,39.486008
19232,65.64753634027389,39.051956
19233,71.24311999709727,40.255165
19234,58.36770667256303,40.012493
19235,58.90868010876854,39.83457
19236,55.47572651708146,41.14367
19237,50.8205121696144,39.33924
19238,51.43983932554242,41.400734
19239,59.47072489929576,43.424835
19240,48.32235758734696,41.61183
19241,53.09240727381736,42.946102
19242,54.42891098065381,45.71205
19243,60.0827631049101,46.388515
19244,51.233622058725,47.317623
19245,49.41814649570088,46.87529
19246,55.04870518149349,45.46591
19247,52.6267812476531,47.207542
19248,61.404614957814616,48.280876
19249,53.90356101323896,49.67353
19250,53.32180672476631,49.28086
19251,61.91316122364002,49.055534
19252,61.14564838337576,50.731583
19253,62.68946702423244,51.455685
19254,54.18398679714279,53.872993
19255,56.74908538099451,56.014786
19256,56.66884994438794,58.975357
19257,63.6185229335286,60.756607
19258,71.05251412202381,63.158432
19259,76.47556627795599,62.28774
19260,69.53489014790735,65.16137
19261,72.6683110148137,66.62652
19262,76.9279198366843,67.43278
19263,75.65435251202615,67.67491
19264,80.94263423016719,67.15396
19265,74.56134359268333,68.38056
19266,81.92249538950605,70.692215
19267,83.43556885405066,73.45656
19268,85.43754958083144,73.671196
19269,85.4320962586189,73.01615
19270,86.33800652081553,73.852425
19271,84.40767046739055,76.094315
19272,83.21535200705573,74.48087
19273,91.08818139947228,73.733795
19274,89.50740331142015,74.3785
19275,91.61834521355335,75.48717
19276,97.0777139483018,77.388405
19277,99.71808676427084,76.52889
19278,87.68830580179585,77.332375
19279,83.10971201018953,77.82796
19280,80.43809435342776,79.67678
19281,78.77104988223134,79.95237
19282,91.57937726486804,76.27386
19283,81.92197845336086,74.47717
19284,79.89493799869436,74.75531
19285,74.96780031885169,74.62686
19286,80.68213314385578,70.62537
19287,74.41063092188735,68.719696
19288,76.60755532271996,64.41161
19289,70.41764486552518,64.94685
19290,76.24422631872825,63.531773
19291,75.18239355240914,64.416145
19292,73.79288726005029,63.985096
19293,58.11412387097561,62.77005
19294,63.72475889397322,63.86028
19295,56.26303750376872,62.28451
19296,54.3485732744992,63.04631
19297,50.064752845458166,59.099125
19298,51.3347643286656,58.910248
19299,44.76148301621124,55.63885
19300,39.83017048101246,55.30025
19301,34.970672636226,52.456264
19302,38.28596320817854,52.061607
19303,40.04171744607039,54.023815
19304,41.048852678067576,53.679165
19305,30.53713383845757,53.55016
19306,25.9562292966718,51.32209
19307,27.551003595898493,50.384853
19308,32.27529044929864,50.339066
19309,34.12528636537531,52.01881
19310,29.02734977679041,49.1584
19311,20.338895638060578,45.81814
19312,18.37990595090222,45.352013
19313,14.356288598069971,42.265064
19314,12.986148815166285,43.22301
19315,23.331455728526684,43.374092
19316,24.002754780554515,44.719353
19317,30.044095292699133,45.45673
19318,33.66311486330045,47.658367
19319,36.27685957782957,48.00231
19320,34.163511296260275,49.760933
19321,33.659652320865256,48.64435
19322,29.883829733892917,50.372574
19323,30.70137186053212,50.58787
19324,26.23202341667878,49.810444
19325,36.48263472021446,52.55391
19326,41.18446131878553,51.1278
19327,37.18732633838657,50.36338
19328,27.925758873437037,50.563694
19329,38.17015562442699,51.284184
19330,34.75909693267044,49.90245
19331,34.677546453699506,53.16349
19332,37.37178085281724,54.128567
19333,31.36430820282467,55.76732
19334,28.923977853022176,55.96015
19335,32.517095528959764,55.66103
19336,32.138620426764945,56.525215
19337,32.3641213856484,56.377876
19338,35.11190159592565,56.30256
19339,34.61928292706443,57.43406
19340,37.09773540226519,57.278957
19341,30.313532984111266,56.570366
19342,31.880278497637583,56.21184
19343,32.03327115557754,55.636276
19344,31.710469279614564,54.51455
19345,28.5538139239896,57.87301
19346,33.35190822114897,58.346546
19347,33.42878831068533,57.296753
19348,37.83458186388906,59.11667
19349,35.587498319383585,61.741642
19350,42.63137105877329,63.630882
19351,44.885337421543966,64.07524
19352,40.51361732214463,60.828876
19353,27.57758132597345,64.01847
19354,35.883209274829056,63.24956
19355,30.936733173528115,63.845493
19356,30.59023327879234,62.965664
19357,31.455788439328128,59.830006
19358,26.022789404018724,59.460083
19359,34.84265914219917,60.5896
19360,30.767512131211674,60.791527
19361,27.135855147059523,58.747684
19362,30.27543962755922,60.115967
19363,21.39285896119597,58.77086
19364,23.362521931477023,60.840103
19365,27.14818935878075,61.273415
19366,31.75246612077881,62.652847
19367,26.632555901527752,61.519413
19368,30.86898615910709,62.76532
19369,19.83912129096718,66.17577
19370,14.783892847234576,64.80344
19371,24.593996232146576,68.77315
19372,19.346316310681388,68.10408
19373,19.107973921223326,70.06192
19374,22.355023651054285,71.79015
19375,20.92780181869348,71.37671
19376,21.848161740745127,71.96851
19377,23.85182537093197,71.02712
19378,28.35611923597136,73.481766
19379,26.805736027131445,75.385574
19380,35.971495598777366,77.84348
19381,47.23561699267983,75.6694
19382,53.225479554782574,77.1532
19383,54.63262960322819,77.5743
19384,61.78671138470977,81.48615
19385,67.40619252929265,81.419876
19386,68.27612973863378,80.20145
19387,74.41879463273506,81.01404
19388,73.59456950439508,81.357864
19389,71.37038515168612,84.118805
19390,66.44871229780465,82.58671
19391,56.98853141007767,79.7676
19392,59.78673107029808,79.22759
19393,54.05327138010032,79.64994
19394,48.850315752063736,80.700775
19395,43.01848801066328,77.837006
19396,44.514110518661504,78.91754
19397,41.92978612613624,78.871155
19398,38.97757675480075,78.96347
19399,38.704307804821816,75.79909
19400,45.18374351346358,74.86359
19401,52.27315775693256,72.19342
19402,58.918832903992765,73.30859
19403,52.92949885829925,70.54622
19404,52.7682791003924,67.772385
19405,47.74313691249445,66.03864
19406,55.13880083798294,64.50586
19407,59.049734519141445,61.295288
19408,59.94462371071901,58.64552
19409,67.38748942740335,56.479744
19410,59.02654736853036,55.771824
19411,58.30619587823601,55.41117
19412,52.53871623517431,53.16163
19413,58.02720532125748,50.12699
19414,49.32576994539026,48.490746
19415,55.176428066969365,48.80419
19416,50.58200128469311,46.56822
19417,47.71801096177259,45.890823
19418,48.90681581892965,43.51333
19419,54.74195101117186,41.844517
19420,43.19233853164264,39.084076
19421,39.532437265969214,36.945587
19422,35.56054939869297,35.362423
19423,33.71959977695075,34.85234
19424,41.715639589942334,34.720448
19425,39.07872756998084,33.763115
19426,44.530212594745,30.646536
19427,53.490046386480245,31.775549
19428,46.12037169282176,31.985437
19429,45.13815806538541,33.835014
19430,39.94603381270347,33.544807
19431,39.94709705382228,31.57676
19432,40.455026672004,31.261992
19433,43.3041756003392,31.223143
19434,40.76647547019967,27.994806
19435,41.80832870942438,27.788279
19436,27.884251044241207,28.381226
19437,30.34452297621304,28.483055
19438,30.357809920659296,30.015984
19439,35.22432929189053,30.435818
19440,34.346682903877635,29.989758
19441,38.06560724392399,31.162899
19442,34.62904798959446,31.713291
19443,34.97956122240937,31.726883
19444,27.91065286415893,31.49332
19445,31.66161672593984,31.77503
19446,41.23828907220492,34.29277
19447,43.40690666935979,34.119164
19448,44.565554594658806,33.200027
19449,51.75642021327238,33.934856
19450,49.07919379685068,34.997272
19451,47.10307724971328,32.467983
19452,40.74601924942467,35.555664
19453,45.68517961280459,34.753654
19454,46.72100754639804,33.842026
19455,37.98035827181778,33.145657
19456,37.32124148624263,32.103413
19457,38.717131363858016,33.40368
19458,42.00507097302325,35.0386
19459,36.820016207873074,33.803032
19460,38.14499018985151,33.403755
19461,43.99355848169256,33.49176
19462,48.22577537717088,33.70724
19463,34.66623097868393,33.531708
19464,39.129067675457584,33.575066
19465,32.87927166074797,30.609205
19466,27.392067146829778,31.985905
19467,34.9917973302658,29.982174
19468,36.0591254715759,29.697071
19469,38.9101858497147,31.169497
19470,33.98532038865122,29.338243
19471,36.40116673055642,31.132198
19472,33.22878088801935,31.123848
19473,34.36314133421869,30.453876
19474,36.22657083985715,30.666225
19475,29.81160258808351,30.92323
19476,32.06327821429359,28.829224
19477,27.49097537209372,29.368462
19478,27.585000483250564,30.18224
19479,27.45793343791389,29.514618
19480,29.944784729938604,31.197899
19481,33.45747831577263,28.854855
19482,35.656422961312344,30.349426
19483,34.871083921544184,30.775196
19484,30.5261346245132,30.12867
19485,33.186595808304546,32.57115
19486,34.381255747292634,32.517403
19487,27.834968006205436,34.137814
19488,28.992997396998128,36.47664
19489,29.790087957278125,36.931053
19490,28.749656762066056,35.750225
19491,32.39602445100518,38.15216
19492,32.49948863233072,39.738117
19493,41.50732522201417,38.74914
19494,42.79129887985823,42.45704
19495,38.62157540242906,42.274635
19496,40.478045859879884,42.0771
19497,39.26286265109899,42.17009
19498,39.16347814951668,42.18866
19499,39.7978039155789,43.731255
19500,43.017268448701294,43.652473
19501,48.22204121800854,43.665665
19502,38.71110865316912,44.105015
19503,41.29853298866768,44.738052
19504,44.430541449590365,47.42602
19505,43.66031327739567,48.10488
19506,47.46981059325292,48.683628
19507,44.68632178985033,51.3937
19508,51.47049906479918,54.42244
19509,42.71584082843184,56.58751
19510,45.18426015005437,57.589
19511,42.45565501772093,57.843452
19512,37.13840580118205,57.409454
19513,36.620362542874176,59.22971
19514,46.02535745129371,58.08618
19515,56.273087213391975,57.032326
19516,52.63508894304672,56.636005
19517,48.90864105864551,54.638363
19518,42.60325178208125,52.13044
19519,43.607000169414526,50.14894
19520,40.03433775006772,49.155754
19521,37.58817811003267,49.368416
19522,34.35277248011114,50.628788
19523,39.39236097517846,49.93557
19524,47.787448142665454,47.910557
19525,50.384646687057646,49.219933
19526,53.99667280169447,48.20683
19527,58.78815543476628,50.048187
19528,58.028006677331845,48.25654
19529,62.79978893010424,50.95075
19530,54.89410181894544,50.473244
19531,59.264250265879845,50.28565
19532,47.404882325396095,48.387188
19533,44.98506472073153,48.30706
19534,41.47190526139903,48.0645
19535,39.18359140104667,47.236095
19536,33.3911930825272,48.408688
19537,36.91350138215559,46.483932
19538,36.70096007751312,45.889046
19539,40.51322891886161,46.901478
19540,44.20882710266488,45.72364
19541,47.56143627166559,44.78294
19542,52.57328600420093,43.191982
19543,63.28596953005009,39.443336
19544,61.43627625010305,39.751335
19545,54.25254493726482,40.23819
19546,53.57629306378971,38.188126
19547,53.95710086674836,40.78736
19548,54.92459497277353,39.61289
19549,46.383811339077845,40.002934
19550,40.4331994234072,39.48193
19551,40.21881776743217,38.86203
19552,47.94892235314056,39.717106
19553,44.17093140948029,41.291733
19554,48.728467517063926,40.42634
19555,53.16377332929101,41.242783
19556,55.34198744990738,41.24393
19557,52.684196953034224,39.05874
19558,48.1371107091144,39.13565
19559,52.66819079035695,38.693512
19560,50.29798454155792,41.230232
19561,58.62340123859117,40.99488
19562,62.42278631203623,39.395863
19563,62.12950843536907,38.159447
19564,59.28023225498633,37.612972
19565,57.368741710050905,36.75012
19566,53.83398784002797,36.69107
19567,54.251452977455216,36.966206
19568,46.46251408453269,37.246082
19569,48.50492692047546,39.540527
19570,48.13314895930832,39.149765
19571,49.94905764616072,39.87282
19572,58.79778575588345,40.25593
19573,59.04870213012797,38.39593
19574,68.71767480479977,41.57525
19575,60.62025939874507,39.421505
19576,60.2545804810588,39.52822
19577,53.28094202091739,37.728645
19578,53.24022310787062,37.00962
19579,55.99675857882372,36.985786
19580,50.79630927750018,36.193535
19581,51.30848583241576,37.308376
19582,44.94808996924163,36.82092
19583,38.40711722159025,37.025936
19584,35.199101494850034,36.21025
19585,36.89556534944382,36.185455
19586,39.024301190588254,32.739025
19587,42.44169129093592,33.187576
19588,43.44588321074005,34.23063
19589,39.90904190397567,33.601143
19590,42.38559815080426,33.702156
19591,40.40003936574834,33.062435
19592,38.4035386383776,33.955894
19593,38.62678610771812,33.58306
19594,39.5683368323543,34.48946
19595,40.691464758576615,34.387466
19596,46.84264098324813,34.64424
19597,39.49054573894243,34.27417
19598,41.35780930583415,32.902695
19599,43.01703879855633,33.170677
19600,42.81513682776656,32.83064
19601,50.4431591753356,33.74716
19602,52.5554184471209,34.10076
19603,48.11140129449287,35.853092
19604,53.17956849458516,35.811646
19605,51.48517474053162,35.720154
19606,55.81625266011124,37.857582
19607,58.38255114313274,37.312664
19608,61.93023077863414,38.487114
19609,69.10132864166737,37.34209
19610,66.53402148245462,36.293064
19611,67.66585805738423,37.10363
19612,64.77294150893684,37.489258
19613,64.16728452902869,39.41647
19614,62.92932644849761,39.995266
19615,76.13789401611305,39.86452
19616,68.6165624206931,39.82505
19617,71.10849003973748,41.846485
19618,77.97951019593309,42.135403
19619,79.43219670329832,40.962536
19620,77.4385610650986,40.627052
19621,73.3078199727618,42.450756
19622,76.29534859922495,44.598206
19623,82.73314980539773,42.82753
19624,87.61768678542462,43.642086
19625,86.69133228929843,42.769535
19626,85.14742787131556,45.372513
19627,80.67130379056353,47.353153
19628,78.90328292945513,46.504776
19629,84.8508940849834,47.13702
19630,88.96350718998066,44.66906
19631,85.10731050784656,46.91118
19632,91.2612218951147,44.111168
19633,90.3970911215554,43.611603
19634,93.9293962077837,43.41957
19635,95.4208255515472,45.367245
19636,91.5540516810982,47.365166
19637,92.67558473426136,48.179497
19638,88.68388619994448,48.919525
19639,81.66293199785034,48.072323
19640,84.98433320332126,48.307716
19641,89.17331727045077,49.499424
19642,88.46918830220186,47.509598
19643,95.87526513817456,45.533375
19644,90.79197673521747,44.40498
19645,95.49219633860048,44.935272
19646,94.80624187066913,44.786026
19647,93.52944209113048,45.090145
19648,100.0,43.726677
19649,94.28030911860002,46.433384
19650,93.9434140061544,50.081383
19651,88.70180577786557,51.225372
19652,95.34215536319996,51.831898
19653,91.4535139201932,51.10283
19654,98.25172017244056,53.570843
19655,88.9891770993168,53.359398
19656,87.08778265566782,50.541946
19657,77.70934245206887,48.7775
19658,83.01234010703423,47.59452
19659,69.76064278512423,47.059227
19660,79.49770632517587,46.124596
19661,76.35767712969383,45.09864
19662,79.0527321236292,45.605206
19663,82.26556043038974,47.625896
19664,77.65698149013728,50.23181
19665,83.36744118312474,50.06797
19666,79.08966143936708,51.34166
19667,75.40125129004129,51.843433
19668,66.82111465039891,53.52099
19669,72.79800294794568,55.14903
19670,72.31296509205224,54.074257
19671,75.78423733541482,52.96376
19672,78.68301908430786,53.21482
19673,88.36777886869494,52.644367
19674,88.4456700151244,52.67547
19675,77.6857104089978,52.795048
19676,70.71685799488105,52.564068
19677,68.09934428295261,52.892708
19678,75.48193595780828,50.821938
19679,71.26578300780209,51.523403
19680,74.52833335405799,50.23448
19681,67.87312376478819,51.566853
19682,66.99715898786205,53.07966
19683,69.861831331531,53.454884
19684,65.53080801192148,54.452038
19685,56.82500264672163,54.277935
19686,60.44657598237427,54.953358
19687,54.808851182098046,53.607758
19688,57.75217795752819,53.992893
19689,57.198837963451,51.47487
19690,58.09590624617575,50.3768
19691,54.49776348453513,47.521324
19692,55.68588115433096,47.569843
19693,54.40429909977685,47.53997
19694,54.07688487558619,48.168312
19695,58.4008141874876,48.16475
19696,66.41013080894682,46.65316
19697,69.14880715566167,48.11693
19698,76.55714193974478,47.45042
19699,76.34005294607124,49.397194
19700,77.35856977980707,49.31275
19701,82.1202970227039,48.65464
19702,81.27306802307314,49.478077
19703,87.03708141696171,47.622093
19704,95.26110434612944,46.41919
19705,99.34588888638662,45.068527
19706,93.27597413156997,45.077446
19707,93.67619373220872,45.411324
19708,91.12076064814536,47.040497
19709,84.76157048672599,46.462242
19710,89.11206857768478,46.004395
19711,84.66964725127659,47.355118
19712,77.6412620704925,47.130737
19713,72.85431755841542,49.490913
19714,79.94060951157508,49.569565
19715,80.12345712833114,49.9392
19716,77.73347636662388,52.974854
19717,77.4001566302576,53.770065
19718,73.62440414672551,53.93471
19719,82.02338287685292,54.62939
19720,86.18486579754571,54.487923
19721,87.8773570275009,57.42552
19722,81.52877416549266,61.113796
19723,86.9054222246697,59.62102
19724,82.01260747312273,59.75791
19725,80.20521800223368,62.048424
19726,88.2720972922649,62.31371
19727,86.91309883196865,65.84515
19728,82.26803476779453,65.480484
19729,92.78486129872752,67.84036
19730,81.83580648532178,70.2845
19731,84.377679684163,71.90177
19732,91.3872975884096,74.242966
19733,90.97990443757712,74.10907
19734,91.35411804674378,73.75175
19735,91.24145612304032,75.90036
19736,82.86005365135037,78.07421
19737,88.1052638956076,77.10316
19738,79.69602390760042,79.05227
19739,74.2511862436592,79.53557
19740,76.56029816204034,80.2089
19741,75.3766108866688,81.47763
19742,76.45752617643342,81.392944
19743,80.09043542666399,82.98896
19744,79.99843561932109,85.49663
19745,78.67125249551293,86.615364
19746,67.36222801607481,87.29038
19747,78.62576641548537,86.88716
19748,68.92030006035695,86.37047
19749,62.532591116212295,85.93794
19750,66.14791829367381,88.52938
19751,70.52771449543604,87.29003
19752,75.22614786662261,88.79076
19753,72.20933197027092,88.60739
19754,61.43087989749722,88.079475
19755,58.34275458454674,90.94735
19756,51.062181971791816,91.10975
19757,39.16758041856924,90.58189
19758,45.00068994656312,91.27785
19759,41.70112023959008,89.211174
19760,42.99246741848004,89.55066
19761,39.18012831667061,89.85341
19762,42.90377854111125,88.16324
19763,46.70208054647699,88.490234
19764,46.4372924093435,88.21096
19765,48.50771420418371,86.49044
19766,38.92709931107077,86.30361
19767,40.943229508914094,84.95842
19768,46.140140183797534,86.73265
19769,48.1755882461938,85.63817
19770,54.05389836860116,85.60708
19771,54.392421780057525,84.43666
19772,49.017161490454136,86.113716
19773,48.9826435212753,85.01285
19774,36.84447517324524,84.80977
19775,35.000839635428164,85.05143
19776,26.12755134018152,85.025475
19777,36.06166448017409,83.65812
19778,32.49060236501242,81.06961
19779,39.39616193304649,79.1647
19780,48.35485032045121,78.35869
19781,54.977436557250456,80.84974
19782,58.57963795032522,76.37574
19783,54.65933348164606,76.54022
19784,61.32772598036663,75.11973
19785,66.12975350643092,76.02706
19786,56.05617645801184,76.88523
19787,50.76256369076272,74.392876
19788,58.18390956007549,72.43628
19789,61.03619108038677,70.09065
19790,64.54049461529834,71.19401
19791,55.39685415458296,69.01179
19792,47.89240493899922,69.01436
19793,43.70329034520708,69.18945
19794,43.67763313662786,70.63219
19795,48.58479114651559,69.84384
19796,41.82107095346549,69.59021
19797,47.89303123642604,67.6655
19798,39.39394858845697,68.31075
19799,39.689018887822286,68.94514
19800,41.551337760060406,69.49255
19801,51.81225618441235,69.65306
19802,48.27949110826786,68.60114
19803,49.33806239952323,69.93756
19804,56.15116568538351,69.94534
19805,52.571380954746125,69.4521
19806,53.86966564857127,70.51888
19807,65.58878464380945,70.4772
19808,60.11824848164749,70.95745
19809,64.915849141602,71.34565
19810,62.68111604533628,71.46376
19811,64.31994504060928,71.88781
19812,67.75822013389816,72.91577
19813,73.11014280173634,72.85394
19814,75.61124303838213,71.91548
19815,78.31050358682546,71.85982
19816,89.54945658367728,72.37431
19817,87.55456427370012,75.40671
19818,95.0961959918293,76.31325
19819,97.3546013144417,76.48297
19820,99.65015341016786,74.4463
19821,89.28569205916907,77.03459
19822,87.68203261835062,78.06136
19823,94.16735754705329,78.06949
19824,90.9196726783984,80.42428
19825,93.00604705311292,81.04274
19826,89.00073976303864,82.98656
19827,95.62238730108724,84.977844
19828,94.42498182011852,85.470245
19829,96.14387681639656,85.06043
19830,100.0,86.68337
19831,94.38475905018792,88.24218
19832,99.18369631675218,86.40129
19833,100.0,86.47896
19834,98.67556925053248,84.51988
19835,95.37831706361072,85.222084
19836,92.26259640498272,84.13364
19837,85.46656646321176,82.77461
19838,89.8714274185732,80.8845
19839,82.55872219938773,81.39397
19840,91.05073011024012,82.339035
19841,86.79668180493077,83.45642
19842,62.11873355636165,82.86004
19843,69.50239113826734,82.927
19844,37.33912742626119,83.12465
19845,36.1164948723065,82.41594
19846,37.25045553086812,82.277695
19847,37.74223030752552,83.0232
19848,42.706629421077,79.7599
19849,40.775758243827326,81.962585
19850,47.24827980114659,81.642784
19851,47.38361628021278,78.37192
19852,44.01424223211236,79.04175
19853,45.94408854047983,77.56229
19854,42.81208366336914,79.26293
19855,47.608471636625495,79.35484
19856,50.58143406316763,75.9689
19857,49.19684187561408,75.56652
19858,58.226240159675086,75.286606
19859,58.64170508144575,72.786705
19860,52.98372990927959,71.93871
19861,46.31705512850074,70.22114
19862,41.26253690384275,68.525215
19863,45.60304969285001,68.24914
19864,49.552134619234295,65.13979
19865,46.01415903611336,65.6356
19866,47.31243648388991,63.17187
19867,49.45977003339835,61.93953
19868,50.88022871666892,61.195786
19869,44.4859647490933,56.423256
19870,44.24904580783588,57.673496
19871,46.18506422419904,56.655888
19872,42.418669590869065,56.589024
19873,42.31297789174413,56.57196
19874,50.22036753638179,54.55681
19875,53.39573787413614,55.009926
19876,62.056827141399104,53.50828
19877,60.78035858491628,51.57911
19878,53.721225711870055,50.766914
19879,59.680178725173626,50.952526
19880,58.40195305649252,49.616898
19881,59.91726140907544,48.002785
19882,63.53316056211627,46.778084
19883,65.83673118579804,46.91531
19884,71.72781236521661,45.87471
19885,72.05379659075845,45.110847
19886,75.7245335038684,43.831997
19887,68.85548682789474,44.460693
19888,71.23752656233336,45.354836
19889,68.35888479412877,44.88193
19890,62.30670008589494,45.028122
19891,55.46296583727963,49.612312
19892,57.972447279383545,51.52775
19893,59.332210413435,52.315544
19894,53.01802132426376,50.207237
19895,57.07420244028093,50.055443
19896,64.44792943356923,49.400433
19897,69.46549641839546,49.210762
19898,74.58874466749509,48.044434
19899,69.76110133702109,45.470345
19900,61.42979438358349,45.966133
19901,61.93591758674262,45.334946
19902,65.7982923511121,47.58845
19903,61.78000704942427,47.154335
19904,58.95464364803799,48.251755
19905,60.58298288946968,50.404606
19906,52.44342296793853,49.818287
19907,48.884793561076016,51.029716
19908,49.96050579569478,52.159523
19909,45.1709397049832,53.699844
19910,51.66153910991672,54.625874
19911,49.90620861860942,57.87385
19912,52.7869797895686,55.619446
19913,49.88650610357347,56.045803
19914,45.70001382772178,57.17118
19915,42.95513827602311,58.140266
19916,47.3022908651844,59.597813
19917,49.6080432882858,59.792656
19918,45.81969212518949,60.613842
19919,43.64391427537397,58.887478
19920,48.72639435572042,59.52104
19921,48.78000007431492,61.7416
19922,43.493358234966166,62.88115
19923,35.39226959744223,64.17859
19924,36.57200910048048,65.039276
19925,29.568873152696224,67.55068
19926,34.64417326791022,68.97665
19927,26.36067444737036,73.1998
19928,26.543164262150835,74.21321
19929,32.62991185868297,74.28575
19930,29.857593029902965,79.21846
19931,27.032693218826623,77.91258
19932,33.80061193103013,79.84199
19933,33.10570236136138,79.381485
19934,20.679146970442293,80.616776
19935,17.879939890277292,81.04365
19936,22.86048037279996,83.35689
19937,17.435077723607996,84.709724
19938,20.52611364745959,85.29974
19939,20.28300525182063,88.54408
19940,20.06155938391744,88.1402
19941,26.023464913141847,90.046135
19942,27.839183704539916,86.84225
19943,35.588190253873826,88.341286
19944,41.527100818524765,86.37365
19945,47.76304610818612,86.00785
19946,53.89018086100391,84.868706
19947,59.74938255371497,82.65625
19948,69.67409882273533,83.26373
19949,72.11854190252875,79.05258
19950,69.7493297856736,81.381035
19951,62.60827453454772,76.50513
19952,66.52498075655019,74.53252
19953,74.48949730148156,76.07532
19954,79.39511931263387,72.19418
19955,82.82920093942788,72.28827
19956,79.31861459017915,68.7922
19957,82.6958723671075,67.99208
19958,79.45919223163091,66.70075
19959,79.58585757201708,65.502754
19960,78.38135706481837,65.203476
19961,78.64984969030984,68.48876
19962,79.39809692088826,65.31191
19963,77.12150176258623,64.59564
19964,70.35327704155542,61.324966
19965,62.5904552121109,55.671177
19966,61.760549048450514,58.017136
19967,71.48428758377429,52.598957
19968,69.2838454682304,50.84767
19969,68.7143780697068,49.066635
19970,73.3874822280354,47.6614
19971,64.0055520966655,47.711586
19972,58.83682382632047,45.439835
19973,50.13106498427776,45.683754
19974,51.94669800967976,46.492653
19975,40.52599369314052,45.956047
19976,33.20821993504631,46.830986
19977,30.302380349516817,47.331543
19978,29.16729513734987,49.644188
19979,29.224072770101017,51.28977
19980,27.76925714281837,50.49444
19981,26.071334866047625,51.241364
19982,26.408051412057453,51.436684
19983,30.156033874941176,52.020607
19984,32.727240871154414,53.74236
19985,39.50544854174908,52.501755
19986,33.79864935494829,54.59185
19987,30.036902268139237,55.109962
19988,35.63873862865941,55.418556
19989,34.48141575262044,55.008232
19990,32.372339241501024,54.64301
19991,39.1419401507988,56.453934
19992,38.10780884524127,55.184242
19993,42.31787828377009,54.953777
19994,49.2189995019852,55.993412
19995,41.11685764025841,57.70745
19996,48.58528380460736,59.733677
19997,55.126037820865065,60.157104
19998,49.0176550662974,58.543613
